gene	lead_snp	b_osteoporosis	se	pval	padj	direction_signature
NEU1	rs3101018	-0.462843232355135	0.129563592955959	0.000353826232145527	0.173728679983454	down
SERPING1	rs28362951	-0.191110456715549	0.0580243696602659	0.000989047042039709	0.198757760729853	up
VEGFA	rs11965885	0.209176636337895	0.0659255650606535	0.0015091337343216	0.198757760729853	down
KLF12	rs9600237	-0.233218899149274	0.073980808001798	0.00161920782671978	0.198757760729853	down
RASD1	rs12449964	0.346951685882975	0.113187680568329	0.00217467892271628	0.205038200258301	up
ITPR3	rs1014933	-0.144189453175939	0.0488085044002524	0.00313493898142745	0.205038200258301	down
IER3	rs3094222	0.124454572646044	0.0428133575681737	0.00365018326792356	0.205038200258301	down
PERP	rs147371157	0.516854181502243	0.178617163881281	0.00380801693252263	0.205038200258301	up
IL7R	rs10058453	0.160663342074454	0.0556795762939417	0.00390794141220279	0.205038200258301	down
POLR3K	rs1045001	0.104812326394078	0.0365893674832004	0.00417593075882487	0.205038200258301	up
ADPRHL1	rs1386	-0.585236467898565	0.209720385754964	0.00526176070447838	0.234865864172626	up
IL6ST	rs7731626	0.393490787295469	0.146741096351047	0.00732861412097794	0.299862461116681	down
RCAN2	rs72866407	-0.452123118370616	0.175318102615706	0.00991232261746567	0.327585869174368	up
QPCTL	rs17850756	-0.424997273558199	0.164860534553699	0.00993969993311291	0.327585869174368	up
NOV	rs58659618	-0.251902516629758	0.0978048502812886	0.0100077149442271	0.327585869174368	down
CACNA2D3	rs1356180	0.232390326836656	0.0915021320634564	0.0110939402818176	0.340445292398278	down
PTPN13	rs1026861	-0.418679755244543	0.173770975776627	0.015979790827736	0.44019794444207	down
FGF2	rs308403	0.294302265070405	0.122330895191707	0.0161376028512368	0.44019794444207	down
SLC39A4	rs117328198	0.176458828080787	0.0739927608782175	0.0170878487998528	0.441585987406722	up
ATP6V0B	rs12045544	-0.184383942837605	0.0782639031572128	0.0184766116374895	0.451158964741997	up
AXIN2	rs12452513	0.105007014152264	0.0448793468517735	0.0192960046019999	0.451158964741997	up
BDNF-AS	rs11030036	0.488758699574921	0.21405104570816	0.0224083179814885	0.500112914950493	down
CYSTM1	rs56997077	0.248912409589119	0.110140576614769	0.0238242339034609	0.508595602026057	up
METTL7A	rs12809767	-0.126909485986726	0.0581537952002149	0.029086817239189	0.563813496917421	up
KCNK6	rs34989303	-0.148419820643223	0.0685531986144651	0.0303852884428096	0.563813496917421	up
SLC7A5	rs55694638	0.204350657060528	0.0945004682126259	0.0305850394490298	0.563813496917421	down
TYMP	rs10854880	-0.0804192893462375	0.0378331697128978	0.033534148330864	0.563813496917421	up
SMAD3	rs10163040	-0.231072656106353	0.108843704271909	0.0337557982244881	0.563813496917421	down
AFAP1	rs10008860	-0.0511216764432014	0.0242627475428075	0.0351173388838181	0.563813496917421	up
ATP2A3	rs12600392	0.257824247586408	0.122912192994865	0.0359378829831508	0.563813496917421	down
PLEKHG4	rs1152083	-0.416162642039406	0.199323266780843	0.0368088509331632	0.563813496917421	down
SHMT2	rs7311958	-0.407295441290085	0.19562396672788	0.0373395083381389	0.563813496917421	down
SP110	rs1004868	-0.0810979822067009	0.0390645036043494	0.0378937788152238	0.563813496917421	up
AQP1	rs2075574	0.300264204786849	0.147929671078335	0.0423792388146444	0.605631231109353	down
DUSP5	rs2282239	0.22586547102415	0.112113066932102	0.043944251938806	0.605631231109353	up
KLF7	rs6739830	-0.357657912538877	0.177934124677994	0.0444250495413571	0.605631231109353	down
TMEM171	rs13165360	0.119631473089362	0.0598539161307016	0.0456381986783016	0.605631231109353	down
DBNDD1	rs1004047	0.0781317890924888	0.039467920883427	0.0477453790688266	0.616920555862996	up
RAB13	rs11808153	0.285141761099935	0.145333523459603	0.0497645766641373	0.626523260053626	up
FAM107B	rs17155703	-0.10258129846274	0.0527487023182868	0.0518090475767007	0.631323731002949	down
NRP1	rs743104	-0.101574711306105	0.0525202050154616	0.0531116417699529	0.631323731002949	down
RPL11	rs77766201	0.249942669517834	0.131045954665704	0.056483014167947	0.631323731002949	up
SERTAD2	rs2422276	-0.204207831730868	0.107505661339103	0.0574977549117226	0.631323731002949	down
JUN	rs2716140	-0.129417814289046	0.068593111343679	0.0591944270597775	0.631323731002949	down
GALM	rs7603676	0.131310307321114	0.0698605577302637	0.0601618264767529	0.631323731002949	down
TES	rs1000966	-0.0681809195211299	0.0366005508921455	0.0624849754074115	0.631323731002949	up
CLCF1	rs77125470	0.331306208243345	0.179265443810027	0.0645832454819034	0.631323731002949	up
KIAA1430	rs10026559	0.0857200255172165	0.0470414985552818	0.0684213982338326	0.631323731002949	down
PMEPA1	rs157096	0.204583186193093	0.112996197092987	0.0702133876059569	0.631323731002949	up
DCBLD2	rs13080057	-0.0998036050176344	0.0552762893708983	0.0709900707164671	0.631323731002949	down
APOL2	rs9622356	-0.177425646054546	0.0982704834415368	0.0709991989282932	0.631323731002949	up
TGFBI	rs10074474	0.062935269905237	0.0348756131489242	0.0711429629663938	0.631323731002949	down
QRICH2	rs7207890	-0.0965571548363858	0.0535649424023579	0.0714481533572207	0.631323731002949	up
SNED1	rs111678023	0.370512071028971	0.205657205753146	0.0716083236566916	0.631323731002949	up
CEP135	rs62308564	0.199718551849273	0.111618644143548	0.0735675063888268	0.631323731002949	down
HELZ2	rs2777939	-0.221074737256793	0.123714490728335	0.0739414833153717	0.631323731002949	up
CXCL1	rs2071425	0.147023518276579	0.0824554812396407	0.0745756527159016	0.631323731002949	down
GALNT3	rs12618003	-0.317946302524221	0.17840489249104	0.0747229249758754	0.631323731002949	down
SOCS5	rs28370327	-0.263957411582893	0.14869004398227	0.0758617110573808	0.631323731002949	down
CRIP2	rs7143148	-0.0814615917514582	0.0461809008211796	0.077737510970638	0.636151964776388	up
CLASP2	rs4402882	-0.336323576884476	0.192580695272826	0.0807408832821186	0.64728265552446	down
NFIA	rs10889245	0.337616357020491	0.193953146580829	0.0817342660743717	0.64728265552446	up
EPS8	rs11829666	-0.303449373727292	0.175104208031955	0.0831019813738773	0.647667823088472	up
RSAD2	rs2595163	-0.296211982419834	0.173220756068887	0.0872610804357117	0.669456101467726	up
MFGE8	rs112343690	-0.0845570439982474	0.0498527128025243	0.0898598876340972	0.673735589506855	up
TMEM106B	rs7810945	-0.23211430404805	0.137489234605308	0.0913658953014397	0.673735589506855	down
MYOF	rs11594445	-0.0874781333312986	0.0521302345323494	0.0933336192004925	0.673735589506855	down
MX1	rs148214	-0.085022339571164	0.0507693616642845	0.0939974009643885	0.673735589506855	up
DLL1	rs62428586	0.0865803058774197	0.0518068857056004	0.0946797467942423	0.673735589506855	down
MCF2L	rs12323211	0.109053176405259	0.0666808064264764	0.101954586229548	0.706985281674557	down
NQO1	rs2917667	-0.101147352817801	0.0619408887645624	0.102476190266983	0.706985281674557	down
IFIT2	rs2102698	-0.27030895495737	0.166108180676918	0.103671976131503	0.706985281674557	up
C6orf48	rs140091914	0.079368153940636	0.0492199730963891	0.106848995146299	0.712301604657399	up
FBLN2	rs12485574	-0.529365715961815	0.328756609784481	0.107352991333294	0.712301604657399	down
EPHB1	rs4245903	-0.0917886753018783	0.0579005323593859	0.112902262885704	0.718371850884918	down
LONP1	rs10413286	-0.0773795016019362	0.0488977311418452	0.113540874117841	0.718371850884918	down
GLRX	rs6556887	0.057554523907701	0.0363851287943224	0.113691926401519	0.718371850884918	up
KAT6A	rs6987070	0.140926733134045	0.0891974147000965	0.114120171831005	0.718371850884918	down
KIAA1551	rs10771897	-0.0707472236830402	0.045293915995141	0.118297731352114	0.728847245907682	down
SGMS2	rs144423514	-0.399574227396736	0.25677816691143	0.119682720733327	0.728847245907682	down
C1GALT1	rs10245376	0.0785256910576476	0.05074818605911	0.121776566062798	0.728847245907682	down
CRABP2	rs12143060	-0.113637515064575	0.0737669490671209	0.123440074591666	0.728847245907682	up
MME	rs940895	-0.216975132239417	0.141245974871198	0.124501373587125	0.728847245907682	up
THBS2	rs7450180	-0.168955304757356	0.110041436165864	0.124690771193982	0.728847245907682	down
PRKAA1	rs3805487	-0.285638219984238	0.187253466328821	0.127156985997741	0.730848460033829	down
ISG20	rs10852108	0.0714361517768448	0.046935838331742	0.128010117236068	0.730848460033829	up
RFX7	rs2414466	-0.10026229087454	0.0668692589494813	0.133775616487323	0.743933220268829	down
RPS28	rs2972572	0.0899311723903653	0.060193010119412	0.135163395125164	0.743933220268829	up
CADM1	rs61649108	0.158896711355263	0.106504302895297	0.135718120531317	0.743933220268829	down
SSC5D	rs62130160	0.130799279449755	0.0878558105271228	0.13654139530752	0.743933220268829	down
SUN1	rs10267796	-0.166034629090769	0.112738850639135	0.140822079515978	0.743933220268829	down
ANKRD12	rs11661859	-0.168710180726008	0.11494343652445	0.142167529591909	0.743933220268829	down
PLK2	rs62366403	-0.36534879079744	0.249296163284234	0.142778796272128	0.743933220268829	down
ST6GAL1	rs9814673	-0.111097302913675	0.0760303855985019	0.143954416242081	0.743933220268829	up
NR1D2	rs35136361	0.188104027503834	0.128734832026804	0.143967615237667	0.743933220268829	down
ABCB1	rs10226830	0.233566889562007	0.160441019220011	0.1454533383825	0.743933220268829	up
B3GNT5	rs74649132	-0.104211607135692	0.0724386346942489	0.150258457343471	0.751386950422411	up
PTGS1	rs62575596	-0.218399527699906	0.152339993765269	0.151677235885165	0.751386950422411	up
HEG1	rs4395444	-0.106252207238476	0.0744733741719878	0.153662342078005	0.751386950422411	down
LIMA1	rs10467106	0.0678104920483249	0.0475525354237891	0.153864842412742	0.751386950422411	down
FMN1	rs12904922	-0.0616342453155524	0.0432946359300127	0.154562285117441	0.751386950422411	down
RCAN1	rs2409522	-0.330877310018847	0.235748686936175	0.160462700715932	0.757533981045616	up
MMP19	rs7296830	0.320731118843649	0.228703320105731	0.160798987848881	0.757533981045616	up
IFI44	rs695172	0.232512970623818	0.16687289528983	0.163512851121135	0.757533981045616	up
SLC24A3	rs1006268	-0.0724593821769656	0.0522556743166082	0.165554052174345	0.757533981045616	down
CD82	rs56125780	0.189052253498489	0.136907743696623	0.167317908022095	0.757533981045616	up
ARID5A	rs2278563	-0.0966150548572067	0.0701293891999337	0.168305641604818	0.757533981045616	up
NMT2	rs10906857	-0.0385170003963669	0.0279870517046882	0.168746232109074	0.757533981045616	down
IFIH1	rs148024969	0.185004773514669	0.134879827482058	0.170179675630345	0.757533981045616	up
PTGS2	rs689470	-0.0892556560721746	0.065215136182213	0.171113694282107	0.757533981045616	down
MGP	rs2445388	0.106507515206909	0.079181003884643	0.178588266413173	0.757533981045616	up
OSBP2	rs5997788	-0.234067910622121	0.174953931109837	0.180934541630352	0.757533981045616	down
SIPA1L2	rs10797579	-0.0606032970494023	0.0453405757974295	0.181345435044627	0.757533981045616	down
NENF	rs791721	-0.111938824781463	0.0844353416629995	0.184927736720815	0.757533981045616	up
FTO	rs1344501	-0.119463305373758	0.090324997981007	0.185970412240957	0.757533981045616	down
IGFBP2	rs17496232	0.0624150860863858	0.0472350067757285	0.186376858513352	0.757533981045616	down
KCNJ2	rs9890133	-0.124335921064614	0.0941586399722953	0.18667013110991	0.757533981045616	down
SMC4	rs55731730	0.11446122762315	0.0867173602234649	0.186856918044758	0.757533981045616	down
GAS1	rs720072	0.0828813014113634	0.0628108535262068	0.186989350109173	0.757533981045616	down
TRNP1	rs71514284	0.233412483615212	0.176913571008406	0.187049175688826	0.757533981045616	up
CLU	rs34109053	-0.304871749283147	0.231462933435088	0.187787848224564	0.757533981045616	up
HSPG2	rs11587857	-0.0601495829113745	0.0457505531456849	0.188600967744919	0.757533981045616	down
ALDOC	rs7207976	-0.0831391327814528	0.0637378506207434	0.192100013123262	0.757533981045616	up
DDIT4	rs12778560	0.273467430914477	0.210140345839003	0.193136576587544	0.757533981045616	up
TLR4	rs10465133	0.0637388343874233	0.0493093408484406	0.196138348945901	0.757533981045616	up
CORIN	rs10008818	-0.0552336928403932	0.0427786696432319	0.196651559387665	0.757533981045616	up
EPSTI1	rs10459373	0.064615036129417	0.0501699642865316	0.197772870859089	0.757533981045616	up
ADAM12	rs898325	0.152068263106509	0.118146452597138	0.198053642275475	0.757533981045616	down
DOK6	rs763361	0.0795108675744149	0.062118569890538	0.200550242134508	0.757533981045616	down
PPP1R13L	rs79294762	0.352963626174309	0.275767499197112	0.200569078484583	0.757533981045616	up
ZNF521	rs67685836	-0.387228886075672	0.304707743364305	0.203792468112667	0.762468438077845	down
TNXB	rs2269426	-0.0457817229126423	0.0361200827313709	0.204981331621742	0.762468438077845	down
PMP22	rs3852809	-0.0808648338331191	0.0645104307565293	0.210018111202844	0.769695575881641	up
ATP5J2	rs28734136	-0.090020425472098	0.0718208791615025	0.210059485067495	0.769695575881641	up
C19orf10	rs35727009	0.198790267276428	0.159240754269007	0.21189814883675	0.770681415398846	up
DPYD	rs12043021	-0.0698711329029792	0.0566601441331916	0.217515354374356	0.785294404395651	down
PDGFC	rs1425492	0.10803626365152	0.0886579476278348	0.22300594894504	0.791097186689128	down
PARM1	rs10007853	0.0881884811040024	0.072431489031532	0.223397535990901	0.791097186689128	up
LINC00622	rs10754411	0.148212358724886	0.121985226770147	0.224365127762725	0.791097186689128	up
SLC35E2B	rs72634819	-0.0495325004851181	0.0408732487834671	0.225567425939873	0.791097186689128	down
AHRR	rs2244029	-0.137531816968687	0.114821018060248	0.230997595099225	0.795873976295425	down
IFI27	rs7141881	-0.0829316325192285	0.0692537089982207	0.231109950162466	0.795873976295425	down
NSG1	rs10001793	0.0272674734446528	0.0228296046623679	0.232325071094513	0.795873976295425	up
EEA1	rs73209563	0.172253708791302	0.144555112868938	0.233413141724117	0.795873976295425	down
AHR	rs17643734	0.0782360976219647	0.0667458312933535	0.241137010163039	0.815633708024626	down
TRIM16L	rs4924766	-0.0453541272447632	0.0388078307930946	0.242530593424838	0.815633708024626	down
OLFML1	rs6578866	0.242391590625149	0.208998489076855	0.246139708193535	0.82214011376208	up
MEST	rs10232290	0.131350767253459	0.114090067121293	0.249612899732762	0.828107660599907	down
HIP1	rs1015876	0.0452763310186514	0.0395995963244317	0.252891913853268	0.831371455915212	down
PCMTD1	rs7833668	0.075473653244387	0.066325973284277	0.255153878253406	0.831371455915212	down
RPS3	rs3133186	0.225688361171193	0.198592763612099	0.25577330379985	0.831371455915212	up
FBLN5	rs1010325	-0.0539561297521255	0.0484902428715981	0.265828112152265	0.831371455915212	up
LYPD6B	rs17347516	0.0862467258559396	0.0775276922215457	0.26593892625901	0.831371455915212	down
VSTM4	rs57040525	0.129365307500496	0.116340164221478	0.266156463452247	0.831371455915212	down
SLC14A1	rs12605147	-0.0719885800781538	0.065006642603156	0.268119536399117	0.831371455915212	down
RAMP1	rs895572	-0.0820797438515017	0.0744329927316194	0.270142976976229	0.831371455915212	up
PLSCR1	rs2587010	-0.039863185209003	0.0362751645518889	0.27180679367136	0.831371455915212	up
TNS1	rs61616923	-0.0604460994338894	0.0551367856318657	0.272950355127858	0.831371455915212	down
PTGER4	rs12514900	0.075724332806284	0.069524520693195	0.276076956001639	0.831371455915212	up
DFNB31	rs2296262	0.0696298764333329	0.0639641723043033	0.276340811277155	0.831371455915212	up
SLC2A1	rs841572	-0.204154870525686	0.188767052609764	0.279466981206803	0.831371455915212	down
ICAM1	rs281437	0.10692771575908	0.0989326658372737	0.279780284746087	0.831371455915212	up
UTRN	rs56039647	-0.147007419370718	0.136185471450094	0.280380588261676	0.831371455915212	down
PARP14	rs1011151	-0.0562331100323779	0.0522690655945236	0.281999174691633	0.831371455915212	down
CHL1	rs13072907	-0.164606631256508	0.153435796978116	0.283358789295379	0.831371455915212	down
AK4	rs12074520	-0.094000544421937	0.0879228408554041	0.285013157394935	0.831371455915212	up
ACPP	rs1042330	-0.0511506147848124	0.0478933614942479	0.285515758225248	0.831371455915212	down
FADS2	rs1000778	-0.0490336732852475	0.0462050897911818	0.288590837969095	0.831371455915212	up
ID2	rs10174728	0.140277043713482	0.132213987880003	0.288696766951382	0.831371455915212	down
GALNT10	rs889025	0.087064199457665	0.0828112768379571	0.29309474648118	0.831371455915212	up
CEP170	rs12741781	0.0508657432434642	0.0484030316693442	0.293314036183692	0.831371455915212	down
CEBPB	rs1889236	-0.127929586960453	0.121741522046048	0.293336888438146	0.831371455915212	up
ABI3BP	rs764684	-0.185287086729434	0.17677643992395	0.294572470352919	0.831371455915212	up
FAM64A	rs7219646	0.165258715505033	0.1576836793091	0.294620434479118	0.831371455915212	down
NPTX1	rs34177980	0.197669879937708	0.189963376267226	0.298075919520335	0.832357493174352	down
BST2	rs28393701	-0.240969105033486	0.231710856166402	0.298360323418912	0.832357493174352	up
ANXA3	rs6854010	0.0534659200942483	0.0520587020346776	0.304405692662075	0.839720839637539	up
IGFBP3	rs788767	-0.0606459622606318	0.0592084176893656	0.305703327318706	0.839720839637539	down
APOD	rs7640745	0.112426649110615	0.110205696670541	0.307656002843022	0.839720839637539	up
ZC2HC1A	rs10085999	-0.0471516734995403	0.046237851333682	0.307840633675676	0.839720839637539	down
SPON2	rs73067776	-0.0958746660246967	0.0956612298404309	0.316231958201275	0.857844704291856	down
ADRA2A	rs4314992	0.306171662504407	0.307668148693885	0.319670105241522	0.861406787268786	down
PRR5L	rs56403503	-0.0725710725579754	0.0733385278249397	0.322401238148259	0.861406787268786	up
SLC39A10	rs10164913	0.0417127508686319	0.0422190663707482	0.323149013942373	0.861406787268786	down
IFITM1	rs6598041	-0.047677882199483	0.0483977958701696	0.324562638787628	0.861406787268786	up
PCDH9	rs9317655	-0.311295654947987	0.318454560406866	0.328311854232301	0.864391968869877	up
ARHGAP33	rs10401695	0.0464872256357893	0.048044077727799	0.333246506405999	0.864391968869877	down
GPX3	rs12518386	-0.067560146337035	0.069918970520338	0.333912365576964	0.864391968869877	up
HMGN2	rs2925523	0.121908484781577	0.126418061976329	0.334881475816638	0.864391968869877	down
HIPK3	rs1842499	-0.151431221532829	0.159823434442346	0.343388781013438	0.864391968869877	down
ATM	rs79866170	0.148616307988586	0.156942459240797	0.343665406589804	0.864391968869877	down
TP53I11	rs11604720	-0.0905644772559388	0.0963557713794195	0.347270519817046	0.864391968869877	down
RASIP1	rs1231281	0.178250825954838	0.190234956893431	0.348756742626049	0.864391968869877	up
TMEM204	rs1016499	0.0212294109186651	0.0230632938785626	0.357319484635194	0.864391968869877	up
SORBS1	rs7070798	-0.204752216608492	0.223652343388962	0.359932730623315	0.864391968869877	up
EPS15	rs1983842	0.119410812050177	0.130667586991922	0.360794713554457	0.864391968869877	down
DPP4	rs13015258	0.110421701342193	0.121288773421948	0.362609850363398	0.864391968869877	down
NAV3	rs770121	-0.0962622900991623	0.106097246148923	0.364246885275944	0.864391968869877	down
LDB2	rs1483008	-0.122765392888901	0.135383704236283	0.364514719064574	0.864391968869877	down
IFIT3	rs4934475	-0.131779186801616	0.145682765561573	0.365697136007174	0.864391968869877	up
EBF1	rs75233936	-0.249147485427638	0.275926474304242	0.366553056472799	0.864391968869877	up
TKT	rs10212420	-0.0230745416167889	0.0255820358617454	0.36706631031478	0.864391968869877	down
OAS1	rs10492028	0.028495198430247	0.0316854336664744	0.368484687214084	0.864391968869877	up
SLC4A7	rs9871592	-0.0811336724919404	0.0905972142009088	0.37049705838238	0.864391968869877	down
PPAP2C	rs28573771	-0.0668587695641216	0.0749718939563697	0.372508475563688	0.864391968869877	up
ADM	rs10500724	-0.040577840693393	0.0455914128152249	0.373448416841607	0.864391968869877	up
GDF15	rs4808795	-0.0732774179544853	0.0824497116620588	0.374135909572593	0.864391968869877	up
CEP350	rs2477110	0.0872137267219141	0.0983058806903427	0.374989032123162	0.864391968869877	down
SH3BP4	rs972514	0.175086832303513	0.197432142127602	0.375175654350273	0.864391968869877	down
ADD3	rs11194981	-0.0498811310628712	0.0562812690725822	0.375465056345208	0.864391968869877	down
SLC3A2	rs2507820	0.277941443393154	0.313810579678374	0.375780216620842	0.864391968869877	up
LOXL2	rs59478886	0.0405652524248362	0.0458130019127269	0.375912446973859	0.864391968869877	down
CYP26B1	rs1003672	0.030565642559536	0.0345279649726719	0.376025534183025	0.864391968869877	up
IFI30	rs12459300	0.0392088911772205	0.0443581218540517	0.376741102521698	0.864391968869877	down
RPL37A	rs72950603	-0.103044099692404	0.117250445384037	0.379489337665397	0.864869243576756	up
NABP1	rs6757799	-0.163870047992024	0.186847224218171	0.380472009394255	0.864869243576756	down
RPS20	rs73590328	0.202476865792458	0.232231996358662	0.383277527399625	0.8672316403374	up
KCTD12	rs57676870	-0.0614945064823161	0.0708627000107389	0.385504947224833	0.868270316914648	down
COL6A1	rs17551710	0.0596882003105327	0.0696807464919335	0.391668581216387	0.87812453596916	down
TGM2	rs12624511	0.141672702271745	0.167272124311768	0.397017737652828	0.880384337739135	up
OSBPL8	rs1040003	-0.0216386456687672	0.0256278083766911	0.398478089777789	0.880384337739135	down
ALPK2	rs9965110	0.0599465229023138	0.0713192636948154	0.400607027642265	0.880384337739135	down
RASA1	rs2544692	-0.145321306205984	0.173266512789208	0.401628990245148	0.880384337739135	down
RALGPS2	rs10913618	-0.169363646401396	0.202351074498087	0.402604243291195	0.880384337739135	down
EVC	rs2291157	0.182214884240974	0.218090143641292	0.403434777986365	0.880384337739135	down
HPCAL1	rs12467741	-0.0374830522164325	0.045059948013723	0.405494438384927	0.880963580738935	down
SLC47A1	rs2891951	0.0479366696757106	0.0579655134224909	0.408244981098927	0.88303209568094	down
FAM20A	rs11654879	-0.10527232907112	0.128217025024503	0.411618940550059	0.886424999167012	up
CHST15	rs12778619	-0.0712823084090677	0.0873240314055777	0.41433052851638	0.888368076425951	up
ZKSCAN8	rs11967137	0.144065181430274	0.178140833246312	0.418679041665033	0.891157536852517	down
SERPINB2	rs6567401	-0.0667965745459833	0.0830587552096167	0.421276448230125	0.891157536852517	down
SEMA3A	rs79114877	-0.0776622754059429	0.0965887273690251	0.421367446522288	0.891157536852517	down
OPN3	rs2756224	-0.0340519150906691	0.0424897423554164	0.422891458424921	0.891157536852517	up
CPEB2	rs968365	-0.04498647997474	0.0563988969995089	0.425074658328212	0.891930159141675	down
FRMD6	rs2025026	-0.131878615851717	0.166220879857883	0.427548420677957	0.893303295969688	down
PLK1	rs35586	-0.0731077932137545	0.0930234159211664	0.431921724653528	0.898616808495265	down
IFIT1	rs304500	0.0836179185110722	0.107637471536572	0.437248650776214	0.903008012826869	up
PSD4	rs10175462	0.0402711428934574	0.0520788120551265	0.439360789757102	0.903008012826869	up
COLEC12	rs2846667	0.0661089565020083	0.0857085982706477	0.440515894412628	0.903008012826869	down
SASH1	rs35120946	-0.0658768304854257	0.085570989195066	0.441388845373622	0.903008012826869	down
IFI35	rs77106873	0.074178158738504	0.09675622241856	0.443289633948259	0.903133652566785	up
PRDX5	rs1059440	0.0231202489038949	0.0305394254212871	0.449012514405831	0.906572585122667	up
LTBP4	rs2303728	-0.0492598839831977	0.0652539793943048	0.450312158892486	0.906572585122667	down
SYT11	rs6657670	-0.0710619931560963	0.0945286737627002	0.452201016978895	0.906572585122667	down
WNT11	rs17749202	0.0688318525751086	0.0926029549281651	0.457299573660756	0.906572585122667	up
APCDD1	rs61188156	-0.0649059503514712	0.0875046782311401	0.458243284545799	0.906572585122667	down
ENTPD1	rs10736092	0.0273253007762794	0.0369370205529982	0.459432975457203	0.906572585122667	up
DUSP23	rs4364879	-0.0515800277388377	0.0698397820577988	0.46018154148885	0.906572585122667	up
CMPK2	rs2250846	-0.1460222930149	0.198086732976196	0.461022977268902	0.906572585122667	up
MFSD12	rs1638539	-0.0460622931174478	0.0625924197524959	0.461786390010738	0.906572585122667	up
CHST2	rs4683757	-0.102311251618363	0.140660510860432	0.467003612137599	0.906572585122667	up
MBNL1	rs13065071	0.0340757536851628	0.0469915725353479	0.468362429840111	0.906572585122667	down
EPHB6	rs2040375	-0.0505200157046258	0.0698554626969258	0.469552225599296	0.906572585122667	up
DUSP1	rs7702178	0.136861181105586	0.189390491856125	0.469900969600891	0.906572585122667	up
PSPH	rs10249231	-0.0696695199733271	0.0969513032184478	0.472385420587117	0.906572585122667	down
PLCB1	rs1232744	0.033890742212473	0.0471926356043225	0.472673282670881	0.906572585122667	down
FLNB	rs13315037	-0.0444733542965471	0.0625785025259309	0.477281920899749	0.908273239225534	down
CACHD1	rs11808959	-0.0801023653554147	0.112775868660341	0.477530951994217	0.908273239225534	down
SLC22A15	rs10157375	-0.0232629834239961	0.0329422277617808	0.480079207069307	0.908273239225534	down
SLFN5	rs10512467	-0.0203324764548752	0.0288501968835604	0.480959352746719	0.908273239225534	down
MYO1D	rs4795718	0.0424411213630053	0.0606010385886675	0.4837171606502	0.909981325207848	down
SNHG5	rs1059307	0.0196621505168686	0.0283327536798734	0.487699485707231	0.913971173596375	up
FOXQ1	rs2459596	0.0492306746476805	0.0712497503890421	0.489591144993389	0.914027574873589	down
SULF2	rs11086219	-0.0276038704301948	0.0403278479084063	0.493667964840707	0.918147616427223	down
ALPL	rs2996665	-0.0816950492556451	0.120438039566009	0.497571356011686	0.919363304942937	up
NEDD4	rs12595514	-0.0343049362281542	0.0509400020329589	0.50066864098051	0.919363304942937	down
IRF7	rs12360820	-0.0591653735726405	0.0879954817658851	0.501349250543387	0.919363304942937	up
CPM	rs12817847	-0.0789495905647902	0.117547049706786	0.501811335488202	0.919363304942937	up
CTH	rs11801641	-0.0293747729253726	0.0444504690958148	0.508713125038841	0.923433553822231	up
ATP8B1	rs12968882	-0.0989832452318516	0.152466361151701	0.516200279822243	0.923433553822231	down
IL32	rs112955816	0.0309977779610004	0.0478269212575448	0.51690471922293	0.923433553822231	up
IL1RN	rs72950883	0.0869578274605372	0.134529956652063	0.518031585467787	0.923433553822231	up
OASL	rs10774580	0.0292695813770442	0.0453190803537648	0.518372882791984	0.923433553822231	up
RAC2	rs4821609	-0.0429777280923824	0.0665946163603572	0.518691715262362	0.923433553822231	up
CST3	rs1011226	0.0211385166671815	0.0328988381522981	0.520528600312048	0.923433553822231	up
ANKRD50	rs2242378	-0.0351306443444103	0.0548747388286371	0.52204451906192	0.923433553822231	down
EFNB2	rs8002701	-0.197274634118597	0.308747435746558	0.522854490063517	0.923433553822231	down
SDF2L1	rs112084744	0.119454901804879	0.187389995042798	0.523820824249279	0.923433553822231	up
ANGPT1	rs1020060	-0.0268114325121998	0.0422680315674365	0.525872396913556	0.923433553822231	up
SFRP1	rs13268057	0.147244123977811	0.235469501872201	0.531760122339894	0.923433553822231	up
NTNG1	rs76374975	0.0413958062085233	0.0669238429050965	0.536212227234216	0.923433553822231	down
ROCK2	rs12468344	-0.058988750975895	0.0959940312662296	0.538882091256099	0.923433553822231	down
GADD45A	rs59711991	-0.148415734834133	0.242825596149472	0.541065192134669	0.923433553822231	up
MIF	rs5751776	0.0471133998075979	0.0777819666019052	0.544706618185319	0.923433553822231	up
PLAUR	rs4760	0.0996670929748761	0.165686478140066	0.547480181578569	0.923433553822231	up
SLC7A11	rs28364685	0.10386205669644	0.174355999390936	0.551382602694318	0.923433553822231	down
LIMCH1	rs6447061	-0.0775394918904031	0.131784016901089	0.556275160900831	0.923433553822231	up
SMOX	rs11087622	0.0302032430529562	0.0515344880946754	0.55782292570603	0.923433553822231	up
TRIM47	rs66496607	-0.0468427681232353	0.0799938413636364	0.558158006002376	0.923433553822231	up
COL6A2	rs1475915	-0.0344982910908493	0.0591383579495768	0.559658506572356	0.923433553822231	down
SYNPO2	rs11730732	0.0562062157250517	0.0966318212518078	0.560800247369099	0.923433553822231	up
SH2D4A	rs10101032	0.127035126555805	0.220210995482576	0.564021112699338	0.923433553822231	down
LDLRAD3	rs7944072	-0.10577449683619	0.184587992016616	0.566624235668711	0.923433553822231	up
NID2	rs10148939	-0.116456675136473	0.203469985582365	0.567082788785361	0.923433553822231	up
MEGF6	rs28447582	-0.021042409747082	0.036849933457163	0.567979449815287	0.923433553822231	down
GADD45B	rs61059449	-0.041112406296835	0.0723256775831547	0.56974000803395	0.923433553822231	up
SLC1A5	rs8105903	0.0577268958323141	0.101743773051983	0.570459280456551	0.923433553822231	down
PRKG2	rs11736177	-0.0380122475502651	0.0681320755572666	0.576899014203516	0.923433553822231	down
ATP2B4	rs16852249	-0.129207964779008	0.232313576273741	0.578088398787484	0.923433553822231	down
ADCY9	rs1034905	-0.0290323611911483	0.0525127856279221	0.580357420733056	0.923433553822231	down
GABARAPL1	rs10734821	0.0631604663093718	0.114269681327784	0.580447196649803	0.923433553822231	up
PNMAL1	rs11083832	0.0211690456275424	0.0384907124887541	0.582334453318276	0.923433553822231	up
SYTL2	rs10501597	0.0258500375905037	0.0472801934045073	0.584556429787144	0.923433553822231	down
GCNT1	rs1547140	0.053069530381105	0.097083945886985	0.584629181394396	0.923433553822231	up
SPRY1	rs12498387	0.122886570946405	0.22550967670594	0.585802934666305	0.923433553822231	up
ARRDC2	rs4808737	-0.0370783099390919	0.0693944875891025	0.593125666451154	0.923433553822231	up
KCNJ15	rs1003610	-0.0178734624753814	0.0334529577776543	0.593143356741086	0.923433553822231	up
F10	rs7335409	0.137243471318338	0.258582563145952	0.595589952930714	0.923433553822231	up
OAS2	rs6489885	0.0706700444706569	0.134109548591401	0.598223040083025	0.923433553822231	up
ATP13A3	rs711987	0.0705756780858146	0.134391664523847	0.59947946076906	0.923433553822231	down
CKLF	rs79532206	0.0684003661614879	0.130832384814986	0.601107080755949	0.923433553822231	up
SMURF2	rs77366070	0.0513890538676092	0.0987179815983617	0.602670346190507	0.923433553822231	down
PTTG1	rs3811999	-0.0596570876458071	0.115155311944056	0.604418063039726	0.923433553822231	down
AMIGO2	rs12301925	-0.0514806692208252	0.099707933556172	0.605634649009109	0.923433553822231	down
SRGN	rs10998535	0.0321048308471523	0.0624211263252631	0.607023833313325	0.923433553822231	up
A2M	rs61916006	0.0423040707334717	0.0830364023017673	0.610426915687916	0.923433553822231	up
MT2A	rs113413026	0.0189253400850351	0.0377999988133325	0.616603115612846	0.923433553822231	up
TMEM158	rs40417	0.0294715834119144	0.0591972380858907	0.618586932098996	0.923433553822231	down
NT5DC2	rs1010553	-0.0253610880718158	0.0514730585947942	0.622220292726308	0.923433553822231	up
GREM2	rs10926315	0.0577715722639653	0.117776310700426	0.623766363250804	0.923433553822231	down
NAPEPLD	rs60080018	0.0638023582643841	0.130665511192559	0.625346092404126	0.923433553822231	down
SYNRG	rs4794755	-0.0682025861116094	0.139792966531539	0.62563284716768	0.923433553822231	down
SCN9A	rs10179640	0.0239375084358056	0.0491674292084272	0.626359653704592	0.923433553822231	down
PTK2B	rs10105298	-0.021987960090976	0.0453836348264729	0.62803748962348	0.923433553822231	up
SLC20A2	rs2923446	0.0252181766742043	0.052904097989711	0.633592009262681	0.923433553822231	up
KIAA0040	rs1014554	-0.0161410234522254	0.0338962351599629	0.633939543636668	0.923433553822231	up
SEL1L3	rs1545606	0.0263593560474889	0.0554959330333019	0.634802541585914	0.923433553822231	down
NUDT6	rs77088263	-0.0389373945254878	0.0822024400438062	0.635730349687411	0.923433553822231	down
UACA	rs11855828	0.0427955053684499	0.0908742183879615	0.637689861643398	0.923433553822231	down
SLC4A4	rs7688856	-0.107094554317116	0.227958394751144	0.638498853285846	0.923433553822231	down
AK5	rs12093881	-0.0197621620358361	0.0421387194168971	0.63908485791823	0.923433553822231	down
DDX58	rs7022554	0.0358902273963765	0.0770264887019191	0.641253753214544	0.923433553822231	up
SNTB1	rs76662006	-0.0609351170701798	0.130971018659303	0.641747785772622	0.923433553822231	down
KCNG1	rs6020905	0.113873491458707	0.244831787512767	0.641853332178858	0.923433553822231	up
OAS3	rs4766669	-0.0298832847633748	0.0643906798147644	0.64258088311459	0.923433553822231	up
PLAT	rs3924346	-0.0994882497830765	0.215354027449095	0.644099005598924	0.923433553822231	up
EFHD1	rs4524114	0.0539315530504083	0.116771637771683	0.644185378134301	0.923433553822231	up
CDC42EP2	rs482842	0.0534736372115329	0.11614452134827	0.645224812023561	0.923433553822231	down
CSGALNACT1	rs10085966	-0.0177249066625726	0.0387996520581779	0.647792099431764	0.923433553822231	up
GYPC	rs2119151	-0.0247288937094868	0.0543073868021138	0.64885712751545	0.923433553822231	up
RPAP2	rs6662920	0.033424402994047	0.0735628975074101	0.649566167972674	0.923433553822231	down
UGCG	rs7860334	-0.0621985282464037	0.137696547329726	0.651479897136268	0.923433553822231	down
SERF1B	rs11744640	0.0454554360088007	0.100665294503546	0.6515930376766	0.923433553822231	down
RPL10A	rs2076172	0.0118146766121889	0.026176353817707	0.651737883089528	0.923433553822231	up
DDIT3	rs697221	-0.051631128799128	0.114516885827764	0.652090166898356	0.923433553822231	down
KLF9	rs35098932	-0.0450879231524864	0.100409401195236	0.653402186520153	0.923433553822231	up
ADAMTS2	rs255027	-0.0435652300498928	0.0971908263014881	0.653976923126545	0.923433553822231	down
FBL	rs11881344	-0.0448726884377101	0.100266868649172	0.654490583971764	0.923433553822231	up
PVRL3	rs1387227	-0.0834403064383169	0.188877824249217	0.658656607396436	0.926648694073496	up
TRIM33	rs11807363	-0.0633776767631211	0.145909821742656	0.664025613717587	0.930844426173454	down
NCEH1	rs73173358	-0.0384269879495388	0.0889184812188162	0.665625316235077	0.930844426173454	down
SAMD9L	rs10215606	-0.0124289773096875	0.0289166815301257	0.66732635033209	0.930844426173454	down
PRKCE	rs687914	0.0540087742271902	0.126427486109372	0.669239697544099	0.930868814431027	down
PARP12	rs11972958	-0.0707463330451101	0.17064313231979	0.678444658007582	0.932007476622839	up
IGF2BP3	rs886791	0.0820585144568832	0.198019545391688	0.678584092264405	0.932007476622839	down
MT1E	rs2270836	0.0245948601079858	0.0595371908484732	0.679532776377693	0.932007476622839	up
RHOD	rs11227678	-0.075335737261249	0.184697772146077	0.683356966945954	0.932007476622839	up
DAAM2	rs303661	0.0537074489680653	0.131744055466264	0.683519588609209	0.932007476622839	down
PSD3	rs78275431	0.112355233424809	0.27665958765142	0.684659100744982	0.932007476622839	down
PPP1R14A	rs4803999	0.0262715252996085	0.0646975600958708	0.68469358597433	0.932007476622839	up
UFL1	rs9386528	-0.0367991069125682	0.0907907076610589	0.685243786274634	0.932007476622839	down
EPG5	rs3897646	-0.0585860279947162	0.145945687217474	0.688108353400667	0.933318236242341	down
BROX	rs73126812	0.0221777157471258	0.0565813025246694	0.695086353419734	0.938996529281571	down
TXNRD1	rs11111987	-0.0286489896737526	0.0733528903512439	0.696119626595706	0.938996529281571	down
STAM2	rs72859833	-0.0270165086019645	0.0700070429440036	0.699562365194725	0.941055126878383	down
PTGFR	rs12077324	0.0383715508336782	0.100796534065518	0.703438309139072	0.943683633298592	down
CYGB	rs752049	-0.0877050867767134	0.233217172977023	0.706867710953025	0.944737139097458	up
NCOA2	rs2979633	0.0688605388608447	0.183899324324791	0.708071827266527	0.944737139097458	down
PIKFYVE	rs6733487	0.122484689997458	0.331625160697579	0.711869250589599	0.946048395402505	down
UHMK1	rs10753833	-0.0242685252845483	0.0667817581218618	0.71630571722556	0.946048395402505	down
LYPD3	rs2599437	0.0589564355265312	0.16318100995156	0.717879148487001	0.946048395402505	up
GAS6	rs7338868	0.0332331282340713	0.0920801162034	0.718162721250473	0.946048395402505	up
RPL36	rs1129046	-0.0560997052970769	0.155740739616326	0.718688495896404	0.946048395402505	up
IFI44L	rs59610674	-0.106930199567004	0.30168011688253	0.723002458462371	0.949182371938567	up
PER3	rs148870971	0.0092852489677069	0.0266639443400865	0.727665667290264	0.952756913705386	down
HERC3	rs10016030	-0.0493629259093239	0.145729219925902	0.734812790938451	0.959556064762711	down
CCDC3	rs11258128	0.0158073988833884	0.0473918595526776	0.738721635764312	0.962101652945033	up
RPL28	rs10425596	-0.0144802670310802	0.0443759145649516	0.744190464908846	0.96666010124403	up
ABCA6	rs997781	0.0908976020266555	0.283596646910466	0.748576296965497	0.969791455963216	up
LTBP2	rs754458	0.0337357638497526	0.1069394069351	0.752407742171936	0.972190003701107	down
ANP32E	rs78676616	0.0294685604898332	0.0966219837756671	0.760375174344135	0.976813370552847	down
NEK10	rs62255653	0.0823508318469468	0.271065953727752	0.761277469741609	0.976813370552847	down
DNAJB14	rs142699205	0.0822910938396042	0.271853246759405	0.762115368897401	0.976813370552847	down
PLXDC2	rs4634985	-0.041358578046345	0.138331400246569	0.764953893633108	0.976813370552847	up
SCN8A	rs1948432	-0.0292909941733854	0.0999427562381548	0.769462753583935	0.976813370552847	down
NSMF	rs9414736	-0.0100589830141707	0.0353161008618107	0.775776599842904	0.976813370552847	up
IL1R1	rs12624116	0.035785500939479	0.125895776494116	0.776221074101578	0.976813370552847	up
ATOX1	rs7720579	0.0147533443010965	0.0532005945541855	0.781537933570997	0.976813370552847	up
FAU	rs1196043	-0.0467147997207239	0.169407257750985	0.782736696062961	0.976813370552847	up
SYNJ2	rs1124275	-0.00947437661221851	0.0345852642786795	0.78412874672379	0.976813370552847	down
MYLK	rs56193997	0.0432474695582518	0.158691018280378	0.785217403279765	0.976813370552847	down
LRRC32	rs11236839	0.0469079427314446	0.173381521197023	0.786739054184467	0.976813370552847	up
HSPE1	rs2565163	0.0326682694168985	0.121761415317008	0.788470418336819	0.976813370552847	up
C10orf10	rs870957	-0.0447065597701904	0.166692327566638	0.788546864053153	0.976813370552847	up
NRP2	rs113185080	-0.0671365097243642	0.253717531436789	0.791308963106652	0.976813370552847	up
CEPT1	rs325937	-0.0235532751894423	0.0910879044853968	0.795961308314733	0.976813370552847	down
PARP9	rs56298514	0.0556777930388525	0.215570231650855	0.796189697765936	0.976813370552847	up
INMT	rs7787251	-0.0412470939046522	0.159895269328233	0.796435315295086	0.976813370552847	up
ANPEP	rs10520684	0.0107079364507977	0.041692822572933	0.797310587182496	0.976813370552847	down
HS3ST3B1	rs4792444	0.0345095356237928	0.135772564280111	0.799362957618178	0.976813370552847	up
SPOCK1	rs36100493	-0.081134266247786	0.3194243653234	0.799494403329472	0.976813370552847	down
IRS1	rs1608226	-0.0176705922339339	0.0708667568825975	0.803090424658074	0.976813370552847	down
SPON1	rs1027837	-0.0138315329737735	0.0554738968501032	0.80310237238565	0.976813370552847	up
KIAA1033	rs35149056	0.0191848338053392	0.0772205311131843	0.803792334333155	0.976813370552847	down
PLXNC1	rs12369480	-0.0226689441578524	0.0923493415478679	0.806092942597261	0.976813370552847	down
MYO5A	rs2290335	0.018847950937184	0.0781262489908229	0.809361426447519	0.976813370552847	down
ISG15	rs3121566	0.0178151517107099	0.0739794489787201	0.809700696160914	0.976813370552847	up
IRX3	rs11639567	-0.00985293763961777	0.0424365105124551	0.816397687076182	0.980727330058644	up
FBN1	rs924816	0.0190711156403711	0.0829581365765663	0.81817846834198	0.980727330058644	down
SSPN	rs61914487	-0.0402354098376729	0.17853373048664	0.82169465900842	0.980727330058644	up
CFH	rs203680	0.0338535064872204	0.151807938093106	0.823533782396827	0.980727330058644	up
ICK	rs150036688	-0.0334947110889202	0.151103913452654	0.824573327782997	0.980727330058644	down
RGMB	rs12188212	-0.0100806408125034	0.047657170306834	0.832478316188455	0.980727330058644	down
COL27A1	rs2808792	-0.0358331480477518	0.1727953908809	0.835718343658151	0.980727330058644	down
HMOX1	rs133415	0.0130649132200691	0.0630892989094533	0.835942662493325	0.980727330058644	down
NBL1	rs10429880	0.00875210268072633	0.0426417422468557	0.837378911955864	0.980727330058644	down
NKD1	rs4486887	0.0404524063870769	0.197908029932212	0.838040910170846	0.980727330058644	up
ATP1B1	rs1200135	-0.00899270582409375	0.044206990527401	0.838804650689093	0.980727330058644	up
CD14	rs57599368	0.0107106676315504	0.0531822739413431	0.84038937800678	0.980727330058644	up
LAMA2	rs9388696	0.0308332717623408	0.156530300963022	0.843843523403581	0.980727330058644	up
CRIM1	rs10172196	0.0197363201943821	0.100302568716903	0.84400921590283	0.980727330058644	down
HIVEP1	rs9470768	0.0245319606501474	0.126994661567676	0.846823354516159	0.980727330058644	down
PKD1P1	rs2966178	-0.0042435563494309	0.0220769850386052	0.847572779475068	0.980727330058644	down
TSPAN9	rs71458049	0.035643020928267	0.189489567606813	0.850798123498769	0.980727330058644	down
ALCAM	rs1017915	0.00798784129760554	0.0425878362486925	0.851220356639432	0.980727330058644	up
FRMD4B	rs13061745	-0.00728354060027162	0.0391121296510094	0.852270640278067	0.980727330058644	up
WNT16	rs6951173	-0.046139086533895	0.250936985331832	0.854117618976505	0.980727330058644	up
PDGFD	rs12362803	0.0157243076342023	0.0875782259185678	0.857509113545685	0.980727330058644	up
AEBP1	rs10254547	0.0135041100986595	0.076502096922112	0.859885848898577	0.980727330058644	up
MMP1	rs471994	0.0269530450500492	0.153939526715203	0.861010072786999	0.980727330058644	up
IL6	rs10265117	-0.034320439869948	0.201434948084136	0.864711481721478	0.980727330058644	down
PFKFB3	rs12413588	-0.0223213133853447	0.137301804115723	0.870856096878843	0.980727330058644	down
SESN3	rs684856	0.00751851775690456	0.0464715294125867	0.871473108925209	0.980727330058644	up
JRK	rs3802234	0.0322099501670518	0.202262342490909	0.873473189256639	0.980727330058644	down
PTGES	rs17418275	0.0101947748008816	0.0642172756262223	0.873862379807035	0.980727330058644	up
CMKLR1	rs10219473	0.00515863524859033	0.0331479304084378	0.876328889488877	0.980727330058644	up
FST	rs76803798	0.00718871513584965	0.0465686121754753	0.877319386906625	0.980727330058644	down
MX2	rs60975870	-0.0083197270521979	0.0543161344725973	0.878262404062858	0.980727330058644	up
KREMEN1	rs126077	0.00703337072539468	0.0481659694548406	0.883902717557513	0.980727330058644	down
DPF3	rs72732444	-0.046780001271928	0.332146048168332	0.887995029993289	0.980727330058644	down
AXL	rs1709138	-0.0157712298311348	0.116357617140797	0.892184136114753	0.980727330058644	down
ADAMTS1	rs462404	0.00868066223234994	0.0654961114545435	0.894559509766441	0.980727330058644	up
ISM1	rs10470061	-0.00581623626293929	0.0450848288465375	0.897352500458852	0.980727330058644	up
LGMN	rs2402189	0.0101756730651795	0.0805742039411015	0.899502795628921	0.980727330058644	up
CENPF	rs61732045	-0.016224290104678	0.135494785926158	0.904688268407843	0.980727330058644	down
FYCO1	rs2276856	-0.0136608069643274	0.116230103331379	0.906438143426202	0.980727330058644	down
TRAM2	rs2268706	-0.00943054523879969	0.08153837736262	0.907923792326576	0.980727330058644	down
RFTN2	rs7603283	0.0156891993539086	0.136164040196095	0.908268542477807	0.980727330058644	up
IKZF5	rs41291346	0.0283428215795675	0.246333848475658	0.908398694136479	0.980727330058644	down
PBX1	rs12132020	0.0137564912377035	0.120396438076251	0.909031728190532	0.980727330058644	down
AHCTF1	rs61852576	0.00578835343779937	0.0531306523005568	0.913245598822363	0.980727330058644	down
FABP5	rs118019635	0.00667331336676061	0.0630227268224962	0.915671682611817	0.980727330058644	up
ITGA1	rs164651	-0.00581497256761609	0.0554590391208481	0.916493513546819	0.980727330058644	down
SAPCD2	rs10870176	-0.00206297313103452	0.0196876458045256	0.916546285201723	0.980727330058644	down
MLKL	rs34407409	-0.00564227049225868	0.0555834240041271	0.919145660818969	0.980727330058644	up
NPC1	rs7227589	-0.00596505828309121	0.0588164848869532	0.919218539988266	0.980727330058644	down
POP5	rs492574	-0.00592899680822403	0.0592826196044775	0.920334484466648	0.980727330058644	up
VCAM1	rs12566489	0.00601627775557295	0.062520145535544	0.923338360214526	0.980727330058644	up
CKB	rs10149470	0.00696910334075633	0.0726276815776083	0.923555064036056	0.980727330058644	up
BEGAIN	rs10130199	-0.00263988978078095	0.0281116990667457	0.925182907286079	0.980727330058644	up
TMEM119	rs11114004	-0.00423763955293715	0.0458795990884932	0.9264085593455	0.980727330058644	down
CYTL1	rs10031270	0.00358367008724046	0.0392953310689514	0.927334971218598	0.980727330058644	up
GOLGA8B	rs144215799	-0.0031774673793197	0.0373605523996201	0.932222653365051	0.980727330058644	down
UPP1	rs11768083	0.00388153024636172	0.0460286180733821	0.932795150997365	0.980727330058644	up
HERC6	rs79719417	0.00499384490629207	0.0605889110098019	0.934311329995829	0.980727330058644	up
RAPH1	rs16839858	0.0197913316431693	0.243632987642342	0.935255699108894	0.980727330058644	down
TMOD2	rs1001690	-0.00244308858163546	0.0304984161967141	0.936153408341168	0.980727330058644	down
NT5DC3	rs10082821	0.00149336374873106	0.0196388759930562	0.939386318117683	0.980727330058644	up
ADARB1	rs915814	-0.00510495350874985	0.0722623936828555	0.943680551584117	0.980727330058644	up
NTSR1	rs2427373	-0.00285482668907495	0.0411327362620659	0.944667072441796	0.980727330058644	down
ARL4C	rs906747	0.0055662956755121	0.0821187528990487	0.945957986510247	0.980727330058644	down
C1R	rs6488561	-0.010154523608618	0.150156115623552	0.946083007155593	0.980727330058644	up
TM4SF1	rs6781013	-0.0084622212263719	0.125953110839814	0.946434037857959	0.980727330058644	down
PLA2G4A	rs12072973	0.00698358578898252	0.104604632848776	0.946771393987367	0.980727330058644	down
RBPJ	rs2270225	0.00369817633351849	0.0607185118981099	0.951433354229422	0.982710954271878	down
LBH	rs57667995	0.00290701306934012	0.0529012451053422	0.956176947661877	0.982710954271878	down
SOCS2	rs10859561	-0.00330843225034221	0.0627320972776178	0.957939811752757	0.982710954271878	down
BMP2	rs6140415	-0.00429970995907689	0.082789622868282	0.958580188575579	0.982710954271878	up
SLC44A1	rs72736926	0.00965285878692185	0.199981332589393	0.961502020187778	0.982710954271878	up
KYNU	rs113592636	-0.00230644291746916	0.050891760533949	0.96385180241593	0.982710954271878	down
ADAMTSL4	rs72700822	-0.0021218003878085	0.0471971556569472	0.964142294960827	0.982710954271878	up
ENPP2	rs4871419	0.00332437944389858	0.0751118774158841	0.964697922523514	0.982710954271878	up
GPNMB	rs1006709	-0.00156716243589175	0.0444998504559667	0.971906505864816	0.986524043372999	down
MYO1B	rs4853564	0.00617695400445204	0.178919248748603	0.972459545809637	0.986524043372999	down
NRG1	rs10087952	0.00156796350946968	0.051074966739655	0.975509384036409	0.987577541364695	down
NANOS1	rs12250653	0.00128068128769122	0.048045862978016	0.978734592902562	0.988803878837774	up
RGCC	rs421706	-0.00169526045631747	0.0793370494776534	0.982952236948173	0.991025766615098	up
EPHB2	rs2043970	-0.00102500844954084	0.0638253189554254	0.987186851918915	0.993255623549564	down
ID3	rs2742946	0.00081317053839597	0.110055486783695	0.994104698153767	0.998170566039876	down
IKZF2	rs35409523	0.000362295673270757	0.20486453975769	0.998588970185791	0.9994273204142	down
LAMP5	rs11908340	-4.09921001590213e-05	0.0571121475857739	0.9994273204142	0.9994273204142	down
