gene	lead_snp	lead_eqtl_p	method	b	se	pval	label	padj	direction_signature
WNT16	rs6951173	1.2422e-13	Wald_leadSNP	-0.565175041499841	0.0299389383516349	1.74358351502825e-79	eBMD	8.54355922363842e-77	up
KREMEN1	rs126077	1.1288954292536e-308	Wald_leadSNP	-0.091943422050395	0.00585213152717134	1.2695759769951e-55	eBMD	3.110461143638e-53	down
BDNF-AS	rs11030036	2.2165e-11	Wald_leadSNP	-0.302202355663788	0.0255874072945192	3.4414122977738e-32	eBMD	5.62097341969721e-30	down
PRKCE	rs687914	8.5924e-53	Wald_leadSNP	-0.151012238579669	0.0150343389353859	9.71507663188292e-24	eBMD	1.19009688740566e-21	down
CADM1	rs61649108	4.224e-75	Wald_leadSNP	-0.11410853085737	0.012726243534315	3.06376772034838e-19	eBMD	3.00249236594141e-17	down
SOCS2	rs10859561	1.5575e-212	Wald_leadSNP	-0.0669775758846	0.00757832022356914	9.74033608168063e-19	eBMD	7.95460780003918e-17	down
KLF12	rs9600237	2.9876e-149	Wald_leadSNP	0.072579186576468	0.00906279157595088	1.16134687562404e-15	eBMD	8.12942812936827e-14	down
DUSP5	rs2282239	2.6513e-67	Wald_leadSNP	-0.10313786240876	0.0134275335449544	1.57761814656389e-14	eBMD	9.66291114770381e-13	up
CPEB2	rs968365	4.0158e-265	Wald_leadSNP	0.0506034028713872	0.00679045940671499	9.18434518685972e-14	eBMD	5.00036571284585e-12	down
LIMA1	rs10467106	1.1288954292536e-308	Wald_leadSNP	-0.0421366609113834	0.00568724144682216	1.27274027758696e-13	eBMD	6.23642736017611e-12	down
ZKSCAN8	rs11967137	2.2629e-08	Wald_leadSNP	0.148068555294674	0.0210808524297128	2.15850459078985e-12	eBMD	8.95094696605065e-11	down
METTL7A	rs12809767	7.6299e-252	Wald_leadSNP	0.0488912320921592	0.00696289076913673	2.1920686447471e-12	eBMD	8.95094696605065e-11	up
SERTAD2	rs2422276	2.7196e-71	Wald_leadSNP	0.0882757779690276	0.0128657154796218	6.8227616724909e-12	eBMD	2.57165632270811e-10	down
MGP	rs2445388	9.5796e-131	Wald_leadSNP	-0.0637292888996954	0.00952568666374922	2.22779479439862e-11	eBMD	7.79728178039518e-10	up
RPL10A	rs2076172	5.3695e-296	Wald_leadSNP	-0.0203741964575622	0.00310503708308164	5.32121710543642e-11	eBMD	1.70872662128713e-09	up
HSPG2	rs11587857	1.0902e-121	Wald_leadSNP	-0.0357830080400468	0.00545922947581235	5.57951549808043e-11	eBMD	1.70872662128713e-09	down
PTPN13	rs1026861	1.3002e-28	Wald_leadSNP	-0.128586124768962	0.0209396291193774	8.21056680276171e-10	eBMD	2.36657513726661e-08	down
ARRDC2	rs4808737	8.1193e-157	Wald_leadSNP	0.0492087019890634	0.0083654455659546	4.04416624038349e-09	eBMD	1.10091192099328e-07	up
SMAD3	rs10163040	4.7227e-65	Wald_leadSNP	0.0755411412712918	0.0131668171420385	9.62339474733951e-09	eBMD	2.48182285589282e-07	down
PLXDC2	rs4634985	5.0788e-44	Wald_leadSNP	0.0915394483299781	0.0166358070905934	3.74325776755309e-08	eBMD	9.17098153050506e-07	up
AQP1	rs2075574	3.7738e-19	Wald_leadSNP	-0.0946336460406081	0.0173403128048663	4.8305938441264e-08	eBMD	1.10311883608781e-06	down
RBPJ	rs2270225	9.0009e-229	Wald_leadSNP	0.0398031871227822	0.00729932254921156	4.9527784477412e-08	eBMD	1.10311883608781e-06	down
IL6ST	rs7731626	2.0019e-36	Wald_leadSNP	-0.0943979004397859	0.0175558705440403	7.57375442026629e-08	eBMD	1.61353898518717e-06	down
PPP1R13L	rs79294762	1.0922e-10	Wald_leadSNP	-0.173217438806886	0.0333947885421053	2.13754398638265e-07	eBMD	4.36415230553124e-06	up
ID3	rs12045043	1.1992e-50	Wald_leadSNP	-0.0763467121942594	0.0153629098728152	6.71092882403181e-07	eBMD	1.31534204951024e-05	down
EPSTI1	rs10459373	1.1288954292536e-308	Wald_leadSNP	0.0297138670139979	0.00606170694311567	9.49152878363705e-07	eBMD	1.78878811691621e-05	up
NEK10	rs62255653	2.776e-10	Wald_leadSNP	-0.157023649896078	0.032517071034651	1.3724766346929e-06	eBMD	2.49079092962785e-05	down
EPS15	rs1983842	9.1525e-50	Wald_leadSNP	0.0738529830809648	0.0155939334185411	2.17969700092017e-06	eBMD	3.81446975161029e-05	down
KLF9	rs35098932	9.8186e-83	Wald_leadSNP	0.0552271060911269	0.0120456659036672	4.54396453021066e-06	eBMD	7.67773317173525e-05	up
CDC42EP2	rs482842	3.833e-63	Wald_leadSNP	-0.0623298936300407	0.0138633723459357	6.92397082164683e-06	eBMD	0.000113091523420232	down
RASD1	rs12449964	8.0242e-66	Wald_leadSNP	0.0610269282992523	0.0136488800070534	7.77804214822599e-06	eBMD	0.000122943246859056	up
PRDX5	rs1059440	1.1288954292536e-308	Wald_leadSNP	-0.0161648837219938	0.00366216680189162	1.01467782810033e-05	eBMD	0.000155372542427863	up
NQO1	rs2917667	9.2236e-200	Wald_leadSNP	0.032675213817571	0.00748951863692903	1.28412877987891e-05	eBMD	0.000190673667315354	down
SERPING1	rs28362951	5.2228e-254	Wald_leadSNP	0.0299149035937423	0.00692151018418513	1.5460735779234e-05	eBMD	0.000222816486230137	up
AXIN2	rs12452513	1.1288954292536e-308	Wald_leadSNP	-0.0224164693381153	0.00535973794781953	2.88471262878654e-05	eBMD	0.000403859768030116	up
PLEKHG4	rs1152083	8.3883e-16	Wald_leadSNP	0.101293775369392	0.0243585544014641	3.20417523419925e-05	eBMD	0.000436123851321564	down
ATP6V0B	rs12045544	2.58e-133	Wald_leadSNP	0.0386937533148795	0.0094003242370027	3.85145465405572e-05	eBMD	0.000510057508239811	up
GREM2	rs10926315	5.6601e-61	Wald_leadSNP	-0.0569765855807296	0.014037333164091	4.92975930789178e-05	eBMD	0.000635679489701834	down
HIP1	rs1015876	1.1288954292536e-308	Wald_leadSNP	-0.0190047344552411	0.00471559212205073	5.57316729870529e-05	eBMD	0.000700218455478357	down
FBLN5	rs1010325	1.1288954292536e-308	Wald_leadSNP	0.0233932732942792	0.00586918636005473	6.72594041490934e-05	eBMD	0.000823927700826394	up
RGMB	rs12188212	1.1288954292536e-308	Wald_leadSNP	0.0224956117444444	0.00572278961164886	8.46347396563991e-05	eBMD	0.00101148835199111	down
NT5DC3	rs10082821	1.1288954292536e-308	Wald_leadSNP	-0.00908537256270178	0.00237109143576036	0.000127247440574491	eBMD	0.00148455347336906	up
SMC4	rs55731730	2.5375e-93	Wald_leadSNP	0.0399596215824982	0.0104628154550711	0.000133883270688196	eBMD	0.00152564657295851	down
PDGFC	rs1425492	3.6222e-105	Wald_leadSNP	0.0406627037942458	0.0106758277293911	0.0001396105277409	eBMD	0.00155475360438729	down
EEA1	rs73209563	4.6462e-40	Wald_leadSNP	0.0664891704633727	0.0174844087784902	0.000143087672452442	eBMD	0.00155806576670437	down
NMT2	rs10906857	1.1288954292536e-308	Wald_leadSNP	-0.0126247042836061	0.00334482097459073	0.000160390922528862	eBMD	0.00170851200085092	down
ALDOC	rs7207976	8.3594e-204	Wald_leadSNP	0.0283952973733001	0.00768894248066302	0.000221620304890864	eBMD	0.00231050956162816	up
FBN1	rs924816	3.9818e-120	Wald_leadSNP	-0.0367276343479554	0.0100345251862651	0.000252090490175117	eBMD	0.00257342375387099	down
POLR3K	rs1045001	1.1288954292536e-308	Wald_leadSNP	-0.0159816357879127	0.00439784712411903	0.000279095475501636	eBMD	0.00279095475501636	up
STAM2	rs72859833	1.9224e-172	Wald_leadSNP	-0.0302541615043789	0.00835321905727654	0.00029249626432507	eBMD	0.00286646339038569	down
ADD3	rs11194981	2.1757e-265	Wald_leadSNP	0.0243636813356811	0.00675570419133923	0.000310490406135353	eBMD	0.00296640106747844	down
CORIN	rs10008818	1.1288954292536e-308	Wald_leadSNP	0.018450483153159	0.00512114405154023	0.000314801745936488	eBMD	0.00296640106747844	up
HELZ2	rs2777939	2.5248e-32	Wald_leadSNP	-0.05361988954466	0.0149162506741889	0.000324728519209343	eBMD	0.00300220706438826	up
THBS2	rs7450180	6.2762e-58	Wald_leadSNP	0.0464434064806063	0.0131029933107755	0.000393375963801119	eBMD	0.00356952263449164	down
NBL1	rs10429880	1.1288954292536e-308	Wald_leadSNP	0.0180645724102935	0.00510642270026705	0.000403753864542358	eBMD	0.00359707988410464	down
RFX7	rs2414466	1.6692e-155	Wald_leadSNP	-0.0281980418469867	0.00810547731403984	0.000503500342481904	eBMD	0.00440562799671666	down
RGCC	rs421706	1.3736e-108	Wald_leadSNP	-0.0329958579292184	0.00955364469279443	0.000552858721970723	eBMD	0.00475264515378341	up
MBNL1	rs13065071	1.1288954292536e-308	Wald_leadSNP	0.0194619751996714	0.00565059857798227	0.000572683034569171	eBMD	0.00483818425756714	down
SLC39A10	rs10164913	1.1288954292536e-308	Wald_leadSNP	-0.0172605389056692	0.00504480393009567	0.000622884266576623	eBMD	0.00517310662072111	down
ALPL	rs2996665	3.9996e-57	Wald_leadSNP	-0.0489142277187019	0.0143608515793509	0.000659025559784064	eBMD	0.00538204207156985	up
ANP32E	rs78676616	1.0016e-87	Wald_leadSNP	-0.0389675211740138	0.0115198463924666	0.000717920401298887	eBMD	0.00576690158420417	down
ARID5A	rs2278563	4.8182e-172	Wald_leadSNP	0.0279417913998498	0.00830672564143599	0.000768897175869444	eBMD	0.00607676800283915	up
EPHB1	rs4245903	2.0392e-253	Wald_leadSNP	-0.0231725583839435	0.00694786458490304	0.00085236287090301	eBMD	0.0066294889959123	down
EBF1	rs75233936	7.3021e-10	Wald_leadSNP	-0.110382743043612	0.0333802947342674	0.000943603262597933	eBMD	0.00722446247926543	up
SASH1	rs55857426	9.2696e-239	Wald_leadSNP	0.023569914891883	0.0071554345169869	0.00098776741925255	eBMD	0.00744624669898076	down
RPS20	rs73590328	9.4193e-14	Wald_leadSNP	-0.0896135999433312	0.0276158514797587	0.00117448205770748	eBMD	0.00871963951934338	up
DBNDD1	rs1004047	1.1288954292536e-308	Wald_leadSNP	0.0155239442867726	0.00479649313331069	0.00120996894787992	eBMD	0.00884902663374868	up
KAT6A	rs6987070	6.4049e-86	Wald_leadSNP	0.0345575779722391	0.0107205963459715	0.00126645201609472	eBMD	0.00890687932577531	down
CEP170	rs12741781	9.3572e-135	Wald_leadSNP	0.0186187177339077	0.00577697835521684	0.00126892624530152	eBMD	0.00890687932577531	down
TMEM171	rs13165360	1.7503e-235	Wald_leadSNP	-0.0232779618727152	0.00722440054157964	0.00127241133225362	eBMD	0.00890687932577531	down
MYO1D	rs4795718	2.727e-230	Wald_leadSNP	0.0234664852566101	0.00729266128823233	0.0012916799247851	eBMD	0.00891441074851689	down
ABI3BP	rs764684	4.8267e-26	Wald_leadSNP	0.0681356538061972	0.0212510562566061	0.00134489093307586	eBMD	0.00907068635578209	up
SLC35E2B	rs72634819	2.4561e-133	Wald_leadSNP	-0.0154883451913236	0.00483278906676134	0.00135134715096345	eBMD	0.00907068635578209	down
TGM2	rs12624511	1.4014e-27	Wald_leadSNP	-0.0635658923322418	0.0202664003880127	0.00170968014271227	eBMD	0.0113208549990407	up
SLC1A5	rs8105903	1.0807e-69	Wald_leadSNP	-0.0378372733866622	0.0122876270533193	0.00207488571472585	eBMD	0.0135559200028756	down
DPYD	rs12043021	1.4216e-220	Wald_leadSNP	-0.020814425122829	0.0067703579045277	0.00210964357880406	eBMD	0.0136016493896578	down
SLC3A2	rs2507820	6.6668e-10	Wald_leadSNP	-0.112476362764324	0.0374894501496005	0.0026979023045546	eBMD	0.017168469210802	up
CYP26B1	rs1003672	1.1288954292536e-308	Wald_leadSNP	0.0123363293628845	0.00412976605754618	0.00281569511576382	eBMD	0.0176883411118496	up
CST3	rs1011226	1.1288954292536e-308	Wald_leadSNP	0.0117332547471436	0.00397006637347884	0.00312233162991365	eBMD	0.0193663607425024	up
FADS2	rs1000778	1.1288954292536e-308	Wald_leadSNP	0.0163140477067343	0.00554530734825944	0.00326146742777094	eBMD	0.019976487995097	up
IGF2BP3	rs886791	3.0814e-09	Wald_leadSNP	0.0686594733708117	0.0233732649102136	0.00330846994318861	eBMD	0.0200142008908941	down
CACNA2D3	rs358045	2.768e-57	Wald_leadSNP	-0.0428133553247296	0.0146327895261031	0.00343515913660276	eBMD	0.0205271704504311	down
ANKRD50	rs2242378	2.4801e-282	Wald_leadSNP	-0.0191853119803412	0.00660969702516127	0.00370078022320199	eBMD	0.0218479796309515	down
RASA1	rs2544692	6.4425e-29	Wald_leadSNP	-0.0604381860678759	0.0208558613085594	0.00375671178072761	eBMD	0.0219141520542444	down
IFIT3	rs4934475	3.6355e-40	Wald_leadSNP	0.0499021361049268	0.0175354193700459	0.00443012808185294	eBMD	0.0255383854130346	up
CD14	rs57599368	1.5246e-302	Wald_leadSNP	-0.0181592225147015	0.00639648289710934	0.00452638587215494	eBMD	0.0257898729925107	up
ANXA3	rs6854010	2.7057e-276	Wald_leadSNP	-0.0175590017017005	0.00625509619687067	0.0049981753024567	eBMD	0.0281506425080895	up
CLASP2	rs4402882	1.4344e-23	Wald_leadSNP	0.064890597875545	0.0232185705051802	0.0051936418661908	eBMD	0.0287679462878101	down
PSPH	rs10249231	6.309e-72	Wald_leadSNP	0.032074858829704	0.0114847881333992	0.00522519840737775	eBMD	0.0287679462878101	down
SLFN5	rs10512467	1.1288954292536e-308	Wald_leadSNP	0.00958582165611911	0.0034771964739064	0.00583758721484117	eBMD	0.0317824192808019	down
SPOCK1	rs36100493	1.5565e-09	Wald_leadSNP	0.105923020274185	0.0385392157825968	0.00598781806263108	eBMD	0.0322420972603212	down
MYOF	rs11594445	1.0133e-256	Wald_leadSNP	0.0167820957487046	0.00620965341132824	0.00688032705759126	eBMD	0.0366452201980404	down
SGMS2	rs144423514	3.412e-10	Wald_leadSNP	0.0826942980623104	0.0307615780566239	0.00718311937229516	eBMD	0.0376847797960089	down
RHOD	rs11227678	4.3543e-25	Wald_leadSNP	-0.0592996691944086	0.0220765619489847	0.00722932510372416	eBMD	0.0376847797960089	up
CMPK2	rs2250846	1.3559e-22	Wald_leadSNP	-0.0624107442191953	0.02337860584816	0.0075949220040447	eBMD	0.0389401270590073	up
SRGN	rs10998535	4.9078e-219	Wald_leadSNP	-0.0198890102096631	0.00745448667386134	0.00762908611768306	eBMD	0.0389401270590073	up
IRX3	rs11649649	1.1288954292536e-308	Wald_leadSNP	0.00979711997031252	0.00368242159288821	0.00780223789986191	eBMD	0.0390266155771966	up
SLC4A7	rs9871592	5.6614e-102	Wald_leadSNP	-0.0289118527844472	0.0108675773484355	0.00780532311543932	eBMD	0.0390266155771966	down
MYO1B	rs4853564	3.5255e-27	Wald_leadSNP	0.0564963706640909	0.0213372860017175	0.00810230018351628	eBMD	0.0401022938376058	down
TXNRD1	rs11111987	2.8929e-156	Wald_leadSNP	-0.0229691845501942	0.00878664583755462	0.00894624403635632	eBMD	0.043836595778146	down
ADRA2A	rs4314992	3.4032e-10	Wald_leadSNP	-0.0962007670689699	0.0369150808305364	0.00916059803928167	eBMD	0.0444425053390893	down
SLC39A4	rs117328198	4.7224e-98	Wald_leadSNP	-0.0232021254548767	0.00892555019322405	0.00933548717341447	eBMD	0.0448469481860107	up
NR1D2	rs35136361	1.6098e-50	Wald_leadSNP	-0.0401593598124235	0.0155091245209387	0.00961427525533246	eBMD	0.0457378143214845	down
RSAD2	rs2595163	1.5008e-29	Wald_leadSNP	-0.0526524947642054	0.0204319457803372	0.00996708342940835	eBMD	0.0469602969270201	up
MFGE8	rs112343690	1.1288954292536e-308	Wald_leadSNP	0.0154898977915223	0.00605826182418921	0.0105633221170849	eBMD	0.0492955032130631	up
MT2A	rs113413026	1.1288954292536e-308	Wald_leadSNP	-0.0115411328032622	0.00454893714718763	0.0111773310404838	eBMD	0.0516687944324249	up
CRIP2	rs7143148	7.1583e-224	Wald_leadSNP	0.0139766868472587	0.00553597777825527	0.0115796870519571	eBMD	0.0528732718519361	up
TM4SF1	rs6781013	5.1285e-46	Wald_leadSNP	-0.0382412022760475	0.0151602773953208	0.0116537007347124	eBMD	0.0528732718519361	down
GADD45A	rs59711991	2.8341e-15	Wald_leadSNP	0.0723800043418473	0.0288602977658362	0.0121435985607208	eBMD	0.0542755844752189	up
CTH	rs11801641	1.1288954292536e-308	Wald_leadSNP	-0.0133310309098449	0.00531803079181909	0.012184314882192	eBMD	0.0542755844752189	up
APOL2	rs2006259	2.0279e-68	Wald_leadSNP	-0.0334590257134356	0.0133710413738993	0.0123371883776676	eBMD	0.0544614622077218	up
SUN1	rs10267796	1.2286e-66	Wald_leadSNP	-0.0334342769156648	0.0134053807777042	0.0126279173380819	eBMD	0.0552471383541085	down
FMN1	rs12904922	1.1288954292536e-308	Wald_leadSNP	-0.0130082634404616	0.005234314912891	0.0129482558798594	eBMD	0.0561473042577974	down
HERC3	rs10016030	1.6039e-40	Wald_leadSNP	0.0431813089227491	0.0174832371805066	0.0135162465507987	eBMD	0.0580961474551876	down
PTK2B	rs10105298	1.1288954292536e-308	Wald_leadSNP	-0.0134813488629189	0.00548075886765852	0.0139030134925032	eBMD	0.0592389270550135	up
RAB13	rs11808153	8.8963e-16	Wald_leadSNP	0.0425699712815527	0.017366349608316	0.0142344942326672	eBMD	0.0601284670173012	up
GABARAPL1	rs10734821	1.2334e-57	Wald_leadSNP	0.0333345622166956	0.0137216037584249	0.0151259707513794	eBMD	0.0633480826339821	up
TP53I11	rs11604720	3.0012e-90	Wald_leadSNP	-0.0278567823184213	0.0115267291627761	0.0156614120436318	eBMD	0.0650058416416	down
PKD1P1	rs2966178	1.1288954292536e-308	Wald_leadSNP	-0.00638699752868525	0.00264874035951364	0.0158942879952886	eBMD	0.0650058416416	down
NOV	rs58659618	1.8928e-87	Wald_leadSNP	-0.0285223818103475	0.0118313359003924	0.0159197979530449	eBMD	0.0650058416416	down
CD82	rs56125780	3.0269e-45	Wald_leadSNP	0.0392215173300031	0.0164902268122881	0.0173846298450331	eBMD	0.0700603454795285	up
CCDC3	rs11258128	1.1288954292536e-308	Wald_leadSNP	-0.0135124258056846	0.00568412500336735	0.0174435962214336	eBMD	0.0700603454795285	up
FLNB	rs13315037	7.894e-214	Wald_leadSNP	0.0178632090954855	0.0075503033777638	0.0179866471940828	eBMD	0.0716541229682973	down
NCOA2	rs2979633	9.8707e-26	Wald_leadSNP	0.0523807167364366	0.022224477323151	0.0184285522413604	eBMD	0.0726654536082458	down
FRMD4B	rs11714469	1.1288954292536e-308	Wald_leadSNP	0.0109402150245997	0.00464800682377484	0.0185854396338428	eBMD	0.0726654536082458	up
ENPP2	rs4871419	1.7557e-147	Wald_leadSNP	0.0213328460344921	0.00907105744929279	0.0186854023564061	eBMD	0.0726654536082458	up
BEGAIN	rs10130199	1.1288954292536e-308	Wald_leadSNP	0.00796996308381474	0.0034006044184021	0.0190940264462876	eBMD	0.0736698658163854	up
TMEM204	rs1016499	1.1288954292536e-308	Wald_leadSNP	0.00645422449946324	0.00277101313351036	0.0198488415609785	eBMD	0.0759838466006208	up
GPNMB	rs1006709	1.1288954292536e-308	Wald_leadSNP	0.0121768421339067	0.00526880951735676	0.0208263210333484	eBMD	0.0791077310569048	down
RPS3	rs3133186	1.7836e-16	Wald_leadSNP	-0.0550354435452961	0.0238500709614638	0.0210236826203507	eBMD	0.0792431114151681	up
PRKG2	rs11736177	1.9103e-177	Wald_leadSNP	0.0185826905804827	0.0082035352472753	0.0235000910926643	eBMD	0.087901104087065	down
VCAM1	rs12566489	7.1713e-209	Wald_leadSNP	0.0168278013411033	0.00746349012982303	0.0241532585115961	eBMD	0.0894182464236995	up
SLC47A1	rs2891951	3.6787e-251	Wald_leadSNP	-0.0157152441611675	0.00697581810714921	0.0242706668864327	eBMD	0.0894182464236995	down
SLC20A2	rs2923446	5.4685e-257	Wald_leadSNP	0.0141951177411397	0.00636522270295303	0.0257404441365758	eBMD	0.0941255046785236	up
ST6GAL1	rs9814673	1.5732e-146	Wald_leadSNP	-0.0203588550010818	0.00915227042123944	0.0261175436251549	eBMD	0.0947970101950068	up
SYT11	rs6657670	4.3215e-94	Wald_leadSNP	-0.0243582710723744	0.011228736220368	0.0300614450961442	eBMD	0.108309618361108	down
ALCAM	rs1017915	1.1288954292536e-308	Wald_leadSNP	0.011064672159072	0.00511396475782552	0.0304935894428819	eBMD	0.109064662970891	up
LAMA2	rs9388696	3.2063e-35	Wald_leadSNP	0.040258794433172	0.0188033618522908	0.0322706213623367	eBMD	0.114584090344529	up
NUDT6	rs77088263	6.6192e-124	Wald_leadSNP	-0.020661200047924	0.00985608584361274	0.0360566005263669	eBMD	0.127106001855538	down
ISG15	rs3121566	5.2258e-93	Wald_leadSNP	-0.0184142387989623	0.00881804900858912	0.0367758212693246	eBMD	0.128715374442636	up
SPRY1	rs12498387	1.2288e-17	Wald_leadSNP	-0.0564411147418584	0.0270719289976556	0.037082235689254	eBMD	0.128867343884642	up
CMKLR1	rs10219473	1.1288954292536e-308	Wald_leadSNP	0.00824094055214058	0.00397512438411762	0.0381603948394668	eBMD	0.131680235713653	up
POP5	rs492574	3.1568e-239	Wald_leadSNP	0.0143598234886214	0.00710724621695591	0.0433369084039404	eBMD	0.148497098726789	up
CHST2	rs4683757	8.4408e-43	Wald_leadSNP	0.0338470925471836	0.0169271248894683	0.0455459407951759	eBMD	0.154284900148884	up
ANGPT1	rs1020060	1.1288954292536e-308	Wald_leadSNP	0.0101752444387299	0.0050937409334932	0.0457603084552092	eBMD	0.154284900148884	up
F10	rs7335409	5.4412e-13	Wald_leadSNP	0.0624767726677711	0.0313062719526095	0.0459706029015043	eBMD	0.154284900148884	up
NT5DC2	rs1010553	1.1288954292536e-308	Wald_leadSNP	-0.0139805360126633	0.00703089442797294	0.0467626667732994	eBMD	0.155565891150231	up
CXCL1	rs2071425	1.1591e-120	Wald_leadSNP	0.0198407705972792	0.00998856678688	0.046994685879962	eBMD	0.155565891150231	down
RAC2	rs4821609	8.6399e-190	Wald_leadSNP	-0.0160361094165738	0.008084502729838	0.0473047301660908	eBMD	0.155565891150231	up
IER3	rs3094222	3.166e-200	Wald_leadSNP	0.0101821294109968	0.00516707087269262	0.0487718720869984	eBMD	0.159321448817528	down
NID2	rs10148939	4.5195e-21	Wald_leadSNP	0.0482947404005484	0.0246713450980082	0.0502859392888897	eBMD	0.163179538089775	up
SPON2	rs73067776	2.1466e-91	Wald_leadSNP	-0.0224567810849233	0.011498785781913	0.0508231767303405	eBMD	0.163837872354387	down
ADAMTSL4	rs72700822	1.6728e-254	Wald_leadSNP	-0.0110065443046599	0.00567357794627712	0.0523839079388133	eBMD	0.167765456797507	up
CKB	rs10149470	2.3939e-159	Wald_leadSNP	-0.0168914240634871	0.00873313038291463	0.053091310995787	eBMD	0.168926898622959	up
KCNG1	rs6020905	4.3089e-15	Wald_leadSNP	-0.057292036559546	0.0296695772200896	0.0534827066836801	eBMD	0.169074363064537	up
SYNRG	rs4794755	5.3793e-37	Wald_leadSNP	-0.032193322766447	0.0167322808080505	0.054351478479364	eBMD	0.170719387531335	down
MYO5A	rs2290335	6.2971e-141	Wald_leadSNP	0.0176896373645866	0.00935729167512258	0.0586957264874358	eBMD	0.183190483941679	down
SYTL2	rs10501597	1.1288954292536e-308	Wald_leadSNP	0.0106336575812271	0.00564535183726388	0.0596173548014626	eBMD	0.184889264890612	down
HMGN2	rs190737	1.8165e-25	Wald_leadSNP	-0.0359173452678129	0.0191796337996121	0.0611123804083597	eBMD	0.188333750944002	down
TMEM106B	rs7810945	1.4446e-44	Wald_leadSNP	0.0304424753066233	0.0163517454778868	0.0626416734620748	eBMD	0.191840124977604	down
DNAJB14	rs72684379	3.8945e-10	Wald_leadSNP	0.0671008343044362	0.0367835485964053	0.0681206708784718	eBMD	0.207323780934479	down
LINC00622	rs10754411	3.1754e-11	Wald_leadSNP	-0.0265431813006417	0.0146044940615364	0.0691456861344957	eBMD	0.208836755010376	up
DAAM2	rs303661	3.188e-49	Wald_leadSNP	-0.0283612905194488	0.0156464457376179	0.0698881817076774	eBMD	0.208836755010376	down
SERF1B	rs11744640	4.1879e-16	Wald_leadSNP	0.0220015595226261	0.0121513932741187	0.0701996452588699	eBMD	0.208836755010376	down
EPHB6	rs2040375	1.3189e-78	Wald_leadSNP	0.0150180928799801	0.00832855611812177	0.0713560473025411	eBMD	0.208836755010376	up
OASL	rs10774580	1.1288954292536e-308	Wald_leadSNP	0.00978244158485955	0.00542696284281271	0.0714568965089536	eBMD	0.208836755010376	up
RFTN2	rs7603283	1.916e-45	Wald_leadSNP	0.0291905526469879	0.0162001130340224	0.0715653271691377	eBMD	0.208836755010376	up
SLC22A15	rs10157375	1.1288954292536e-308	Wald_leadSNP	0.00706476247611596	0.00392128299521237	0.0716011731464147	eBMD	0.208836755010376	down
MMP1	rs471994	1.6258e-36	Wald_leadSNP	0.0329201881474118	0.0183632555700869	0.0730175969408084	eBMD	0.211707825449681	up
FABP5	rs118019635	1.1597e-44	Wald_leadSNP	0.0134943792039236	0.0075849166869615	0.0752222033238706	eBMD	0.216816938992333	up
BST2	rs28393701	1.9092e-14	Wald_leadSNP	-0.0494388532334651	0.0279482491948796	0.0769034263730628	eBMD	0.217220522433953	up
MCF2L	rs12323211	5.2898e-107	Wald_leadSNP	0.0144771719219631	0.0082017007004048	0.0775397898774802	eBMD	0.217220522433953	down
RPL36	rs1129046	1.3922e-29	Wald_leadSNP	0.0330541114224681	0.0187639633146486	0.0781412864031026	eBMD	0.217220522433953	up
IFIT1	rs304500	1.4592e-72	Wald_leadSNP	0.022790577054833	0.0129387661739749	0.0781676621200491	eBMD	0.217220522433953	up
MT1E	rs2270836	7.625e-198	Wald_leadSNP	-0.0126778440212504	0.00720033334750539	0.0782840870293214	eBMD	0.217220522433953	up
SFRP1	rs13268057	1.9263e-15	Wald_leadSNP	0.0503430072118535	0.028592388856415	0.0782868938804035	eBMD	0.217220522433953	up
ADM	rs10500724	1.1288954292536e-308	Wald_leadSNP	0.00963960936747736	0.00547810722474673	0.0784653723894077	eBMD	0.217220522433953	up
MLKL	rs34407409	2.4494e-276	Wald_leadSNP	0.0117526742610725	0.00669851689668313	0.0793416403260758	eBMD	0.218412380672905	up
PLAUR	rs4760	9.0583e-31	Wald_leadSNP	0.0344764078297933	0.019856594884599	0.082516124448754	eBMD	0.225882128379271	up
LYPD3	rs2599437	2.0812e-32	Wald_leadSNP	-0.0340145387627659	0.0197680978543143	0.0853092001157441	eBMD	0.23188700253112	up
INMT	rs7787251	4.8094e-10	Wald_leadSNP	0.0325876691724482	0.0189598753289451	0.0856562193023115	eBMD	0.23188700253112	up
AXL	rs1709138	5.2495e-62	Wald_leadSNP	0.0242920432979457	0.0141673437584881	0.0864093209548302	eBMD	0.232640479493774	down
MEGF6	rs28447582	7.6998e-127	Wald_leadSNP	-0.00751099977138558	0.00440694597826114	0.0883148126857397	eBMD	0.235754746374203	down
OLFML1	rs6578866	8.2937e-19	Wald_leadSNP	0.042490401480293	0.0249598138157898	0.0886893084364031	eBMD	0.235754746374203	up
SAMD9L	rs10215606	1.1288954292536e-308	Wald_leadSNP	0.00586458981306268	0.00344890267243694	0.089051585665844	eBMD	0.235754746374203	down
TYMP	rs10854880	1.1288954292536e-308	Wald_leadSNP	0.00778455029371278	0.0045853249986895	0.0895625839788043	eBMD	0.235754746374203	up
AHRR	rs2244029	4.6279e-63	Wald_leadSNP	0.0234229088114604	0.0138143674765024	0.0899717093305632	eBMD	0.235754746374203	down
TMOD2	rs1001690	1.1288954292536e-308	Wald_leadSNP	-0.00623279889076449	0.00369257795322117	0.0914254060047011	eBMD	0.23828962203353	down
FST	rs76803798	1.2047e-301	Wald_leadSNP	0.00966028580748922	0.00573253677763447	0.0919562212456217	eBMD	0.238405018044204	down
ISG20	rs10852108	1.1288954292536e-308	Wald_leadSNP	-0.00953558891607604	0.00567852112761177	0.0931056532266928	eBMD	0.240114579374103	up
ALPK2	rs9965110	6.6853e-166	Wald_leadSNP	0.0144083624937061	0.00865302300911336	0.095887876337082	eBMD	0.245596291326272	down
ATP2B4	rs16852249	9.458e-17	Wald_leadSNP	0.0465267431124295	0.0279709743269835	0.0962336488462127	eBMD	0.245596291326272	down
QPCTL	rs17850756	6.9163e-31	Wald_leadSNP	0.0333880349371162	0.0201057076949225	0.0967888437928667	eBMD	0.24573333398189	up
TES	rs1000966	1.1288954292536e-308	Wald_leadSNP	0.0071775027782291	0.0043430222689478	0.0984017864198367	eBMD	0.248540594565567	up
DPF3	rs72732444	1.6157e-08	Wald_leadSNP	-0.0661886981943989	0.0402243306554925	0.0998689858546927	eBMD	0.250952836250254	down
TRIM16L	rs4924766	1.9092e-214	Wald_leadSNP	-0.00765002431871159	0.0046740098076025	0.101689927890126	eBMD	0.254224819725316	down
PLCB1	rs1232744	1.1288954292536e-308	Wald_leadSNP	0.00928969853821261	0.00569789071966182	0.103022266702357	eBMD	0.255381410203883	down
KIAA1430	rs10026559	1.1288954292536e-308	Wald_leadSNP	0.00921465156425757	0.00565469366345124	0.103194937184426	eBMD	0.255381410203883	down
GAS1	rs720072	4.8061e-212	Wald_leadSNP	-0.0123230502404827	0.00761710571725632	0.105702972157628	eBMD	0.259567480310657	down
RCAN2	rs72866407	3.4454e-25	Wald_leadSNP	0.0338622803052076	0.0209454798880931	0.105945910330881	eBMD	0.259567480310657	up
FOXQ1	rs10793833	8.0921e-16	Wald_leadSNP	0.0451585686563713	0.0281980300810162	0.109270744840772	eBMD	0.266381417771037	down
LYPD6B	rs12997550	6.8816e-91	Wald_leadSNP	0.0166983227859618	0.0104712881931569	0.110784476537729	eBMD	0.268734621304391	down
HEG1	rs4395444	1.7534e-152	Wald_leadSNP	0.0141047657711958	0.0088783470208244	0.11213485913197	eBMD	0.270371446420464	down
DPP4	rs13015258	8.9004e-56	Wald_leadSNP	-0.0229192230076699	0.0144707772068043	0.11323285167703	eBMD	0.270371446420464	down
RPL28	rs10425596	1.1288954292536e-308	Wald_leadSNP	0.00849457501283948	0.00536473285538908	0.113327902442625	eBMD	0.270371446420464	up
IKZF2	rs35409523	5.0663e-21	Wald_leadSNP	0.0388827053646046	0.0245827369298707	0.113716304102463	eBMD	0.270371446420464	down
IL6	rs12535797	8.1107e-21	Wald_leadSNP	-0.0392240139336109	0.0248329592251223	0.114218141651094	eBMD	0.270371446420464	down
PARP14	rs1011151	1.1288954292536e-308	Wald_leadSNP	-0.00991320149456431	0.0063281780837959	0.117227522953483	eBMD	0.27616099157311	down
SEMA3A	rs79114877	2.781e-84	Wald_leadSNP	-0.0177982937934822	0.0114169481218438	0.119011479804373	eBMD	0.279022129684893	down
IFI44	rs17102051	1.829e-29	Wald_leadSNP	0.031756911804402	0.0204743707496848	0.120888074679535	eBMD	0.282008967844026	up
SULF2	rs11086219	1.1288954292536e-308	Wald_leadSNP	-0.0075453462527124	0.00487182475315401	0.121436514724673	eBMD	0.282008967844026	down
AHCTF1	rs61852576	7.1053e-301	Wald_leadSNP	0.00969776048969465	0.00636041808579718	0.127332724205071	eBMD	0.294306768209833	down
RPAP2	rs7522081	3.4005e-134	Wald_leadSNP	-0.0143074114990741	0.00941325614720062	0.128530676898471	eBMD	0.295680899907281	down
ATP5J2	rs28734136	8.9284e-25	Wald_leadSNP	0.0126043171865961	0.0083928697962979	0.133151682451241	eBMD	0.304880020565927	up
SMURF2	rs77366070	8.7814e-21	Wald_leadSNP	-0.0178865557441651	0.011949547217257	0.134434993694222	eBMD	0.306386729814739	down
FGF2	rs308403	1.9657e-45	Wald_leadSNP	0.0216749513717622	0.0146769737113043	0.139729318792454	eBMD	0.31697854726066	down
KIAA0040	rs1014554	1.1288954292536e-308	Wald_leadSNP	0.00595057069750236	0.00404862767871929	0.141622772385372	eBMD	0.319793356999227	up
SLC4A4	rs7688856	3.8362e-17	Wald_leadSNP	-0.0402952788338292	0.0276086179930669	0.144422551064326	eBMD	0.324619495511559	down
NTNG1	rs76374975	1.5011e-149	Wald_leadSNP	0.0118020862786038	0.00813724738332897	0.146953080599846	eBMD	0.328799130109245	down
PSD4	rs10175462	1.1288954292536e-308	Wald_leadSNP	0.00895302736610513	0.00620572165225579	0.149103512502991	eBMD	0.33209418693848	up
ATP8B1	rs12968882	3.9897e-17	Wald_leadSNP	0.0263121211810249	0.0184355988038707	0.153509210132049	eBMD	0.340359787170606	down
KCNJ2	rs9890133	8.02e-94	Wald_leadSNP	-0.0162344743047627	0.0113955283970094	0.154262592415391	eBMD	0.340489505781718	down
SHMT2	rs7311958	1.1416e-22	Wald_leadSNP	0.0335388184248227	0.0236304691722946	0.155810418717521	eBMD	0.341411060333961	down
CHST15	rs12778619	3.6727e-90	Wald_leadSNP	-0.014849466128216	0.0104790861837013	0.156466159900736	eBMD	0.341411060333961	up
DCBLD2	rs13080057	2.8662e-242	Wald_leadSNP	-0.00945519351799079	0.00667731409410833	0.156770384847227	eBMD	0.341411060333961	down
PTGS2	rs689470	2.7131e-188	Wald_leadSNP	0.0110215925179487	0.00780919301251426	0.158138118684408	eBMD	0.34286583254584	down
NKD1	rs4486887	9.4756e-23	Wald_leadSNP	-0.0333722610214503	0.0237232307526158	0.159506458219306	eBMD	0.344309094834626	up
GDF15	rs4808795	1.5997e-95	Wald_leadSNP	0.0139279630432457	0.00997390121973367	0.162581782620397	eBMD	0.349408217035065	up
RAPH1	rs16839858	2.4409e-15	Wald_leadSNP	-0.0401832442106987	0.0291069119911836	0.167420570201799	eBMD	0.358236154580269	down
ICK	rs150036688	6.1859e-16	Wald_leadSNP	0.0253732962026135	0.0184264328393744	0.16851060046127	eBMD	0.359000844460966	down
C1GALT1	rs10225975	1.1288954292536e-308	Wald_leadSNP	-0.0056302989445078	0.00412020011119238	0.17177861769382	eBMD	0.364378886017194	down
NENF	rs791721	3.9557e-118	Wald_leadSNP	0.0136764190864251	0.0100413938136138	0.173196605580379	eBMD	0.36580317557925	up
UTRN	rs56039647	2.3714e-46	Wald_leadSNP	0.021903100768401	0.0161256149461137	0.174374844183237	eBMD	0.366711045707237	down
MYLK	rs111715358	1.8228e-31	Wald_leadSNP	-0.0259591842938585	0.0192164424209173	0.176732599480338	eBMD	0.370081084381904	down
RASIP1	rs1231281	4.4311e-24	Wald_leadSNP	-0.0308449804896898	0.0230436051374957	0.180717738085876	eBMD	0.376815709200338	up
KCTD12	rs57676870	2.1121e-167	Wald_leadSNP	0.0113968417539103	0.00854543631157793	0.182310123577921	eBMD	0.378525256581277	down
LBH	rs6755863	1.053e-222	Wald_leadSNP	0.00977281425269237	0.00735617479132568	0.184006878213786	eBMD	0.380436161707828	down
ENTPD1	rs10736092	1.1288954292536e-308	Wald_leadSNP	-0.00585886856349781	0.00442597219239142	0.185586996978904	eBMD	0.382090876133038	up
SLC14A1	rs12605147	2.0213e-199	Wald_leadSNP	-0.0103660477642784	0.00787045212253448	0.187810418403223	eBMD	0.385050648609119	down
DOK6	rs763361	2.4587e-216	Wald_leadSNP	-0.00979985593682892	0.00751103155324107	0.191985358400477	eBMD	0.391970106734308	down
IFI30	rs2241089	1.3125e-109	Wald_leadSNP	-0.00928840736440344	0.00719431397952936	0.196677265103583	eBMD	0.399883236102721	down
NTSR1	rs2427373	1.1288954292536e-308	Wald_leadSNP	0.00640108346828021	0.00497815625255203	0.198500938306193	eBMD	0.40149923304385	down
UACA	rs11855828	3.1079e-101	Wald_leadSNP	-0.0141262710881289	0.0110163414592614	0.199736904833893	eBMD	0.40149923304385	down
OAS3	rs4766668	2.0546e-167	Wald_leadSNP	-0.0109343983661284	0.00853083303103265	0.19993023033204	eBMD	0.40149923304385	up
DUSP23	rs4364879	3.7351e-158	Wald_leadSNP	-0.010529958274152	0.0082693198332786	0.20288444107569	eBMD	0.405768882151381	up
PPAP2C	rs28573771	4.0902e-115	Wald_leadSNP	0.0115140072726961	0.00914709456170884	0.208116616619624	eBMD	0.414541228226081	up
KIAA1033	rs35149056	4.0463e-140	Wald_leadSNP	0.0116557789600493	0.00929485090615367	0.209840600646378	eBMD	0.416282972942207	down
IL7R	rs10058453	4.1695e-266	Wald_leadSNP	0.00846046125022588	0.00676264456601396	0.210913281531178	eBMD	0.41672382238015	down
NFIA	rs10889245	2.4469e-23	Wald_leadSNP	0.0287758706782178	0.0231429658021459	0.213721950382721	eBMD	0.420577332078447	up
IL1R1	rs12624116	2.6787e-54	Wald_leadSNP	-0.0184548644633683	0.0149631206997048	0.217442729824846	eBMD	0.426187750456699	up
PLK1	rs35586	8.6575e-95	Wald_leadSNP	-0.0136798344953171	0.0112309220871111	0.223204639572496	eBMD	0.433748432047384	down
SEL1L3	rs1545606	3.3645e-277	Wald_leadSNP	0.00810338903534699	0.00665829112732065	0.223590002814206	eBMD	0.433748432047384	down
IRF7	rs12360820	6.2042e-109	Wald_leadSNP	-0.0127861400573531	0.0105172817019907	0.224089053910524	eBMD	0.433748432047384	up
SAPCD2	rs10870176	1.1288954292536e-308	Wald_leadSNP	0.00287616317745395	0.00236963925731779	0.224841023959256	eBMD	0.433748432047384	down
TRAM2	rs2268706	1.3976e-127	Wald_leadSNP	0.0119320940334487	0.00997475801614424	0.231607237135701	eBMD	0.445049200770563	down
AEBP1	rs10254547	2.4708e-109	Wald_leadSNP	-0.0107854816002299	0.00906020513194585	0.233879959603888	eBMD	0.447660860179317	up
HIVEP1	rs9470768	1.5438e-52	Wald_leadSNP	-0.0177879044981096	0.0151308359263228	0.239752277588589	eBMD	0.457115237425714	down
PTGFR	rs12077324	1.7054e-80	Wald_leadSNP	-0.013866762163672	0.0119555053049065	0.246104115174268	eBMD	0.464021213552728	down
AHR	rs17643734	3.7714e-184	Wald_leadSNP	0.00917935537388541	0.00791592930331763	0.246209449558194	eBMD	0.464021213552728	down
COL6A2	rs1475915	1.6736e-160	Wald_leadSNP	-0.0083713437678983	0.00721922061348405	0.246215337803488	eBMD	0.464021213552728	down
FAM20A	rs11654879	9.9924e-52	Wald_leadSNP	-0.0177540166440888	0.0154111416304518	0.249310901466335	eBMD	0.468054949113042	up
IL1RN	rs72950883	3.2082e-47	Wald_leadSNP	0.0183420650702143	0.016028842008464	0.252492488651134	eBMD	0.471209545074729	up
SSPN	rs61914487	3.6697e-23	Wald_leadSNP	-0.0245353501176793	0.0214601361764524	0.252914510927865	eBMD	0.471209545074729	up
VSTM4	rs57040525	3.7444e-15	Wald_leadSNP	0.0160298259467921	0.0141209654982369	0.256300253674358	eBMD	0.475708804168316	down
IFIH1	rs148024969	1.985e-13	Wald_leadSNP	-0.017758826806281	0.0157742204634654	0.260244563807385	eBMD	0.481206929304222	up
ADARB1	rs915814	4.7351e-163	Wald_leadSNP	0.00974924993524398	0.00871461304737849	0.263257747973949	eBMD	0.484877661055219	up
LTBP2	rs754458	7.0626e-62	Wald_leadSNP	-0.0143910990053412	0.012913176597205	0.265085872942222	eBMD	0.484877661055219	down
BROX	rs73126812	9.6694e-218	Wald_leadSNP	0.00746068472886019	0.00669607141326752	0.265198394209793	eBMD	0.484877661055219	down
PARM1	rs10007853	7.5843e-146	Wald_leadSNP	0.00966640017004802	0.00872047718955474	0.267658253812141	eBMD	0.487555927018398	up
GALM	rs7603676	9.0316e-175	Wald_leadSNP	0.00907829965193775	0.00833884243430803	0.276296681794514	eBMD	0.501427311404858	down
ARHGAP33	rs10401695	1.1288954292536e-308	Wald_leadSNP	0.00626891371481084	0.00582249205502623	0.281626860236044	eBMD	0.509214618138972	down
RCAN1	rs2409522	2.3136e-16	Wald_leadSNP	0.0303427750280188	0.0285796086065909	0.288375004677823	eBMD	0.519499089309314	up
TNS1	rs929937	3.6904e-271	Wald_leadSNP	0.00707368062828897	0.00670331849231209	0.291310743577064	eBMD	0.522865437189601	down
GLRX	rs6556887	6.3808e-197	Wald_leadSNP	0.00460017722169354	0.00437637375189621	0.293194744660153	eBMD	0.523078872803349	up
FAM64A	rs7219646	4.9061e-16	Wald_leadSNP	0.0200485983345779	0.0190878351879854	0.293564673512084	eBMD	0.523078872803349	down
APCDD1	rs61188156	2.5792e-107	Wald_leadSNP	-0.0110068305228685	0.0105708387692924	0.297761964936065	eBMD	0.52863537253142	down
CKLF	rs79532206	1.289e-48	Wald_leadSNP	-0.0162628828013289	0.0157373762232096	0.301420366559061	eBMD	0.533198482360793	up
HERC6	rs79719417	1.1536e-198	Wald_leadSNP	-0.00745106850208181	0.00728219450014997	0.306218025870535	eBMD	0.539736808189072	up
ATP13A3	rs711987	6.3707e-38	Wald_leadSNP	0.0165942443996112	0.0162648885738948	0.307610147991842	eBMD	0.539960937763754	down
SNHG5	rs1059307	1.1288954292536e-308	Wald_leadSNP	0.0034382463045166	0.00337655274900676	0.308549107293573	eBMD	0.539960937763754	up
LDLRAD3	rs7944072	2.6739e-25	Wald_leadSNP	-0.0224130894286034	0.0222020323171698	0.312731926424911	eBMD	0.54533325248472	up
PFKFB3	rs12413588	1.9434e-45	Wald_leadSNP	0.0165734057637748	0.0165696790899586	0.317201677202652	eBMD	0.549663044731464	down
ANKRD12	rs11661859	7.1333e-64	Wald_leadSNP	0.0138562391890006	0.0138839196842158	0.318276308073742	eBMD	0.549663044731464	down
HIPK3	rs1842499	9.674e-34	Wald_leadSNP	-0.019037470976578	0.0190874848382469	0.318580213681093	eBMD	0.549663044731464	down
CYGB	rs752049	2.2092e-15	Wald_leadSNP	0.0277700788162004	0.0280841070138216	0.322752051440364	eBMD	0.552981982686279	up
SH3BP4	rs972514	1.0821e-22	Wald_leadSNP	0.0232875076886184	0.0235512775736295	0.32276091234342	eBMD	0.552981982686279	down
PTTG1	rs3811999	1.0688e-29	Wald_leadSNP	-0.0134782789329766	0.0138745325319502	0.331329108370936	eBMD	0.564170292375821	down
SLC7A5	rs55694638	1.5491e-71	Wald_leadSNP	0.0110301962738464	0.0113606988442813	0.331593967763748	eBMD	0.564170292375821	down
CEBPB	rs1889236	1.7842e-57	Wald_leadSNP	-0.0141422293796526	0.0146651913368288	0.334875535029219	eBMD	0.567377589847687	up
PARP9	rs56298514	3.014e-19	Wald_leadSNP	-0.024949449459186	0.0259213126643449	0.335794900113937	eBMD	0.567377589847687	up
KIAA1551	rs10771897	1.1288954292536e-308	Wald_leadSNP	0.00518203527102172	0.00543908336405258	0.340721542864534	eBMD	0.573723560149903	down
ACPP	rs1042330	1.1288954292536e-308	Wald_leadSNP	0.00546098497606227	0.00575736534927031	0.342864018769767	eBMD	0.575354004099951	down
KYNU	rs113592636	1.1288954292536e-308	Wald_leadSNP	-0.00573226049677845	0.00606019460315439	0.344206123434863	eBMD	0.575634813935436	down
HMOX1	rs133415	6.3985e-212	Wald_leadSNP	-0.0072044903041123	0.00764562252143089	0.346037715746747	eBMD	0.576496277035323	down
TRIM47	rs66496607	2.2485e-131	Wald_leadSNP	0.00904497537968635	0.00962330103065337	0.347267005407524	eBMD	0.576496277035323	up
NSG1	rs10001793	1.1288954292536e-308	Wald_leadSNP	-0.00258046690968038	0.0027510673578897	0.348250812249909	eBMD	0.576496277035323	up
OPN3	rs2756224	1.1288954292536e-308	Wald_leadSNP	-0.00471564491840051	0.00505000554641372	0.3504122044177	eBMD	0.5781211453356	up
JRK	rs3802234	8.2917e-17	Wald_leadSNP	0.0227997391796801	0.0244767978593372	0.35160339241946	eBMD	0.5781398063273	down
NAPEPLD	rs144680477	1.5629e-46	Wald_leadSNP	-0.0143519630064021	0.0155192350724099	0.355077513267623	eBMD	0.581899603682727	down
SPON1	rs1027837	1.7044e-276	Wald_leadSNP	0.00610233962396467	0.00664757210366613	0.358629227616389	eBMD	0.585761071773435	up
MEST	rs10232290	1.0102e-65	Wald_leadSNP	-0.0122725104261162	0.0134585140082137	0.36183342937912	eBMD	0.589031164105544	down
PCMTD1	rs7833668	1.9932e-159	Wald_leadSNP	0.0072182338966914	0.00798875244622697	0.36623428835149	eBMD	0.594221196331888	down
ZNF521	rs67685836	2.1772e-09	Wald_leadSNP	-0.0322250965056974	0.036789804772285	0.381071003303936	eBMD	0.613130921705816	down
NEDD4	rs12595514	1.1288954292536e-308	Wald_leadSNP	0.00538592359211936	0.00615429014816366	0.381492597865836	eBMD	0.613130921705816	down
NPTX1	rs34177980	2.3861e-24	Wald_leadSNP	-0.0197234669518155	0.0226843103636211	0.384586744943852	eBMD	0.613130921705816	down
HPCAL1	rs12467741	1.1288954292536e-308	Wald_leadSNP	-0.00466679604420468	0.00537136718725634	0.384941028903428	eBMD	0.613130921705816	down
AFAP1	rs10008860	1.1288954292536e-308	Wald_leadSNP	0.00254059876071884	0.00293065022839377	0.385993423433051	eBMD	0.613130921705816	up
SOCS5	rs28370327	5.4569e-39	Wald_leadSNP	0.0153676888867633	0.0177366487662746	0.386250556578438	eBMD	0.613130921705816	down
CHL1	rs13072907	1.9468e-36	Wald_leadSNP	-0.0159690126643181	0.0184460931958892	0.386647866953259	eBMD	0.613130921705816	down
PIKFYVE	rs6733487	6.2697e-09	Wald_leadSNP	0.0340444430400912	0.0394646909466103	0.388326761824156	eBMD	0.613411611857533	down
OAS1	rs10492028	1.1288954292536e-308	Wald_leadSNP	0.00332103407937638	0.00385791906955685	0.389328594464679	eBMD	0.613411611857533	up
ARL4C	rs906747	1.8221e-125	Wald_leadSNP	0.00826239038168247	0.00981352103894687	0.399821853992874	eBMD	0.627925347617013	down
PSD3	rs78275431	2.0012e-12	Wald_leadSNP	-0.0278153496510946	0.0332647735189778	0.403053456456573	eBMD	0.63097825451668	down
GCNT1	rs1547140	5.9599e-90	Wald_leadSNP	-0.00972188010715063	0.0116866925775203	0.405478890051258	eBMD	0.632753681927122	up
GALNT10	rs889025	1.7116e-121	Wald_leadSNP	-0.00816398602455123	0.00996755103157937	0.412754261064982	eBMD	0.642062183878862	up
PARP12	rs11972958	7.9611e-30	Wald_leadSNP	-0.0164099693657532	0.0202495490113621	0.417717841243726	eBMD	0.647727032308309	up
SLC2A1	rs841572	1.2618e-24	Wald_leadSNP	0.017815616563917	0.0225090731380504	0.428660434776769	eBMD	0.662598148393113	down
IL32	rs112955816	1.1288954292536e-308	Wald_leadSNP	-0.00462864479882069	0.00586918407799526	0.430325287335584	eBMD	0.663079845265523	up
TMEM119	rs11114004	1.1288954292536e-308	Wald_leadSNP	0.00439053215176155	0.00559196412981442	0.432365468177469	eBMD	0.66396202184348	down
CEP350	rs9425482	4.167e-69	Wald_leadSNP	-0.0102724859364527	0.0131496244148501	0.434684903085529	eBMD	0.66396202184348	down
FAU	rs1196043	2.1321e-14	Wald_leadSNP	-0.0158857534627889	0.0203499364504084	0.435020645816502	eBMD	0.66396202184348	up
GOLGA8B	rs144215799	1.4259e-122	Wald_leadSNP	-0.00352027061221955	0.00453347032075082	0.437449796867561	eBMD	0.66396202184348	down
TMEM158	rs40417	2.8184e-240	Wald_leadSNP	-0.00553418481927111	0.00715112491880888	0.438995781177762	eBMD	0.66396202184348	down
ROCK2	rs12468344	5.923e-91	Wald_leadSNP	0.00882462426683765	0.0114332156060625	0.44020862061556	eBMD	0.66396202184348	down
AMIGO2	rs12301925	1.1341e-83	Wald_leadSNP	0.00931987893655337	0.0120794753690971	0.440382973671696	eBMD	0.66396202184348	down
SORBS1	rs7070798	5.2778e-18	Wald_leadSNP	-0.0207577330294538	0.0269858360406598	0.441769576745455	eBMD	0.664009486519243	up
PERP	rs147371157	7.5855e-28	Wald_leadSNP	0.0159377869427878	0.0208685110649761	0.445031615510983	eBMD	0.666866946790158	up
CRABP2	rs12143060	1.379e-132	Wald_leadSNP	-0.00662572723667962	0.008714752653337	0.447082084868497	eBMD	0.667897017029158	up
SNED1	rs111678023	3.5162e-17	Wald_leadSNP	0.019092390382358	0.0253434836833482	0.451242537122445	eBMD	0.672063353161089	up
PDGFD	rs12362803	4.3984e-110	Wald_leadSNP	0.00780237359355064	0.0104660115286217	0.455971705320456	eBMD	0.675014175999335	up
DFNB31	rs2296262	2.0422e-206	Wald_leadSNP	0.00574107894334852	0.00770113937650864	0.455978963787306	eBMD	0.675014175999335	up
SYNJ2	rs1124275	1.1288954292536e-308	Wald_leadSNP	0.00308511095555176	0.00415439489267295	0.457715534417538	eBMD	0.675544011640342	down
EPG5	rs3897646	1.825e-32	Wald_leadSNP	0.0128614599966473	0.0176619110283601	0.466489211873401	eBMD	0.683756498939241	down
DLL1	rs62428586	1.1288954292536e-308	Wald_leadSNP	0.00448674784495363	0.00616430206832085	0.466699396319458	eBMD	0.683756498939241	down
FTO	rs1344501	1.2647e-103	Wald_leadSNP	-0.0078487840900137	0.0108019523626359	0.467466177846216	eBMD	0.683756498939241	down
TLR4	rs10465133	1.1288954292536e-308	Wald_leadSNP	-0.00423787471034383	0.00592584310245169	0.4745155252155	eBMD	0.685487649385828	up
CLCF1	rs77125470	2.1265e-24	Wald_leadSNP	0.0154259074279108	0.0215782749754766	0.474682331033405	eBMD	0.685487649385828	up
KCNK6	rs34989303	3.6248e-162	Wald_leadSNP	-0.00585081293918451	0.00826159974855418	0.478824974519301	eBMD	0.685487649385828	up
ID2	rs10174728	8.7717e-45	Wald_leadSNP	0.0111019470155593	0.0157058408571744	0.479648879689902	eBMD	0.685487649385828	down
PLSCR1	rs2587010	7.0051e-305	Wald_leadSNP	0.0030685483023905	0.0043771653047792	0.483280856080836	eBMD	0.685487649385828	up
SESN3	rs684856	1.1288954292536e-308	Wald_leadSNP	-0.00387938765921774	0.00554860541730561	0.48444926407087	eBMD	0.685487649385828	up
SERPINB2	rs6567401	5.5602e-111	Wald_leadSNP	-0.00703634053324593	0.0100858454653605	0.485399177835731	eBMD	0.685487649385828	down
MIF	rs5751776	2.424e-63	Wald_leadSNP	0.00657386405845528	0.00942860242966834	0.48566154923284	eBMD	0.685487649385828	up
SYNPO2	rs11730732	2.1554e-72	Wald_leadSNP	-0.00807548573542491	0.0116013057004484	0.486376093264881	eBMD	0.685487649385828	up
ICAM1	rs281437	2.8761e-74	Wald_leadSNP	-0.00826806023347658	0.0118908757537835	0.486849698214205	eBMD	0.685487649385828	up
IFI35	rs77106873	3.4818e-71	Wald_leadSNP	-0.00817920280976435	0.0117635450208251	0.486866783943057	eBMD	0.685487649385828	up
CPM	rs12817847	3.9593e-61	Wald_leadSNP	0.00985229609434025	0.014178223931542	0.487124679155728	eBMD	0.685487649385828	up
CYTL1	rs10031270	1.1288954292536e-308	Wald_leadSNP	0.00326936658746646	0.00470570110956749	0.487201232878454	eBMD	0.685487649385828	up
LTBP4	rs2303728	6.3673e-198	Wald_leadSNP	0.00543967284948994	0.0078921845224817	0.490667179213954	eBMD	0.685487649385828	down
CSGALNACT1	rs10085966	1.1288954292536e-308	Wald_leadSNP	-0.00323451438937055	0.00471095712087026	0.492338677959693	eBMD	0.685487649385828	up
UHMK1	rs4656370	2.0283e-130	Wald_leadSNP	0.00656870069971548	0.00957303424160448	0.492607771044449	eBMD	0.685487649385828	down
RPL11	rs77766201	7.8679e-48	Wald_leadSNP	0.0107102213247107	0.0156498336449748	0.493743786695961	eBMD	0.685487649385828	up
TRIM33	rs11807363	2.6176e-40	Wald_leadSNP	0.0118837625476711	0.0173681201927305	0.493830898435097	eBMD	0.685487649385828	down
PTGER4	rs12514900	1.22e-173	Wald_leadSNP	0.00567350755424064	0.00839028119404403	0.498913717149765	eBMD	0.690586783625381	up
TKT	rs10212420	1.1288954292536e-308	Wald_leadSNP	-0.00207612379848569	0.00308948879605411	0.50158630760832	eBMD	0.690739069439233	down
NRP1	rs743104	1.155e-273	Wald_leadSNP	0.00426838961809459	0.006356768341219	0.50192012474759	eBMD	0.690739069439233	down
OSBPL8	rs1040003	1.1288954292536e-308	Wald_leadSNP	0.0020862717839903	0.00311672001778069	0.503252750591441	eBMD	0.690739069439233	down
SNTB1	rs76662006	1.0219e-49	Wald_leadSNP	-0.0103819940139258	0.0157888311800647	0.510825375251452	eBMD	0.698076787019256	down
PMP22	rs3852809	1.4627e-202	Wald_leadSNP	0.0050720345988374	0.00775280557459738	0.512970565353923	eBMD	0.698076787019256	up
LGMN	rs2402189	3.6425e-128	Wald_leadSNP	-0.00634916616468222	0.00972429083450727	0.513809035138014	eBMD	0.698076787019256	up
ISM1	rs10470061	1.1288954292536e-308	Wald_leadSNP	-0.00355619624021992	0.00545294313555445	0.514297387987656	eBMD	0.698076787019256	up
OAS2	rs6489885	1.5293e-47	Wald_leadSNP	0.0102533969885178	0.016157155707199	0.525686664277332	eBMD	0.709419724701272	up
PLK2	rs62366403	1.3274e-13	Wald_leadSNP	0.018972150576008	0.0299793033063707	0.526837081107651	eBMD	0.709419724701272	down
ANPEP	rs10520684	1.1288954292536e-308	Wald_leadSNP	0.0031867358429863	0.00504529779141369	0.527631995071095	eBMD	0.709419724701272	down
MME	rs940895	6.6396e-43	Wald_leadSNP	0.0106331284880977	0.0169323070666795	0.53001788155783	eBMD	0.709419724701272	up
SSC5D	rs62130160	4.1512e-67	Wald_leadSNP	0.00669385539742085	0.0106748493204684	0.530614724460657	eBMD	0.709419724701272	down
PVRL3	rs1387227	4.2623e-24	Wald_leadSNP	0.014212667698286	0.0227073353056902	0.531376301679952	eBMD	0.709419724701272	up
KCNJ15	rs1003610	1.1288954292536e-308	Wald_leadSNP	0.00253813217032835	0.00406911908577525	0.532788691204221	eBMD	0.709419724701272	up
NRP2	rs113185080	1.6238e-13	Wald_leadSNP	-0.0184916281478012	0.0303440440437366	0.542260043124486	eBMD	0.719363525419831	up
SDF2L1	rs78840108	1.6281e-19	Wald_leadSNP	-0.0154757187929707	0.025453825225012	0.543192866133342	eBMD	0.719363525419831	up
CFH	rs203680	4.3168e-37	Wald_leadSNP	0.0108678657745721	0.0180981748767614	0.548176309239455	eBMD	0.722553483131016	up
EFNB2	rs8002701	3.6666e-10	Wald_leadSNP	-0.022539272763349	0.0375696422823345	0.548550807601506	eBMD	0.722553483131016	down
CRIM1	rs10172196	7.1942e-71	Wald_leadSNP	0.00710897743936301	0.0119559638800953	0.552113043354876	eBMD	0.725295955077451	down
SCN9A	rs10179640	1.1288954292536e-308	Wald_leadSNP	-0.00344140070586271	0.00588414427581383	0.558641846751806	eBMD	0.731771622726053	down
LIMCH1	rs6447061	2.428e-47	Wald_leadSNP	0.00930708300513095	0.0159696554903979	0.560029303106673	eBMD	0.731771622726053	up
AK4	rs12074520	4.4541e-99	Wald_leadSNP	0.00589267125986239	0.0104666303580538	0.573437592441991	eBMD	0.741979314891994	up
GALNT3	rs12618003	4.0345e-13	Wald_leadSNP	0.0120087332868399	0.0213852349442129	0.574427288339048	eBMD	0.741979314891994	down
RPL37A	rs72950603	2.597e-60	Wald_leadSNP	0.00780614900481057	0.0139083580866001	0.574623052772002	eBMD	0.741979314891994	up
FBL	rs11881344	7.5562e-39	Wald_leadSNP	-0.00680937029254756	0.012153470690252	0.575287135201217	eBMD	0.741979314891994	up
FBLN2	rs12485574	3.9757e-09	Wald_leadSNP	-0.0221878968278872	0.0396143051277623	0.57541252991624	eBMD	0.741979314891994	down
IFI44L	rs59610674	1.5908e-10	Wald_leadSNP	0.0194412176268007	0.0362139223822296	0.591375553521572	eBMD	0.759329134958894	up
PNMAL1	rs11083832	1.1288954292536e-308	Wald_leadSNP	-0.00249647107934058	0.00465769895894704	0.59196679500877	eBMD	0.759329134958894	up
COL27A1	rs2808792	3.6092e-29	Wald_leadSNP	0.0110833882611794	0.0208883537766909	0.595695074980098	eBMD	0.762116414465399	down
AK5	rs67045981	8.9561e-163	Wald_leadSNP	-0.00434967886595303	0.00855979866244455	0.611346745546514	eBMD	0.780103920098416	down
NAV3	rs770121	2.4405e-61	Wald_leadSNP	0.00636835606762614	0.0128386444424702	0.619873065649814	eBMD	0.788929356281581	down
DDIT4	rs12778560	7.5957e-19	Wald_leadSNP	-0.0123020238756688	0.0249481131366682	0.62193883576556	eBMD	0.789507848510686	up
CENPF	rs61732045	1.5897e-42	Wald_leadSNP	-0.00793034621122855	0.016411589737773	0.628942225996745	eBMD	0.796335118187093	down
LAMP5	rs11908340	5.8543e-213	Wald_leadSNP	-0.00331985254159067	0.00690373340971262	0.630603309704298	eBMD	0.796380468440995	down
QRICH2	rs7207890	1.4573e-110	Wald_leadSNP	0.00301067652160677	0.00645494684747229	0.640919309575618	eBMD	0.805999360840857	up
HSPE1	rs2565163	7.0192e-22	Wald_leadSNP	0.00675601501444675	0.0145106833552737	0.641509695363131	eBMD	0.805999360840857	up
SH2D4A	rs10101032	2.5739e-18	Wald_leadSNP	-0.0122496711339711	0.0267314706778042	0.646773521600849	eBMD	0.810534592287509	down
PLA2G4A	rs12072973	1.6525e-76	Wald_leadSNP	0.00564457705055974	0.0124708144079865	0.65082025597163	eBMD	0.811742230554682	down
FYCO1	rs2276856	3.2695e-57	Wald_leadSNP	-0.00634596655527	0.0140303302059971	0.651050401240796	eBMD	0.811742230554682	down
NSMF	rs9414736	3.5066e-233	Wald_leadSNP	0.00181891023481165	0.00408603632773006	0.656209383097643	eBMD	0.813500656027118	up
C19orf10	rs35727009	3.7278e-21	Wald_leadSNP	-0.00856920528480087	0.0194533413896667	0.659574699514459	eBMD	0.813500656027118	up
GAS6	rs7338868	2.7347e-80	Wald_leadSNP	0.00480452299454761	0.0110103422816248	0.662572259049497	eBMD	0.813500656027118	up
CEPT1	rs325937	1.4791e-100	Wald_leadSNP	0.00470212867119875	0.0108205206782074	0.663884303279354	eBMD	0.813500656027118	down
SIPA1L2	rs10797579	1.1288954292536e-308	Wald_leadSNP	0.00233623920532594	0.00541908637296011	0.666386125162672	eBMD	0.813500656027118	down
ATP2A3	rs12600392	7.2928e-43	Wald_leadSNP	0.0062716953960762	0.0147677443983225	0.671063561878678	eBMD	0.813500656027118	down
MX2	rs60975870	1.7625e-284	Wald_leadSNP	-0.00276963455983729	0.00655458600611472	0.672624254226686	eBMD	0.813500656027118	up
TGFBI	rs10074539	1.1288954292536e-308	Wald_leadSNP	-0.00174305534149206	0.00412765155524577	0.672815236545102	eBMD	0.813500656027118	down
PMEPA1	rs157096	6.7275e-51	Wald_leadSNP	-0.00569456108446927	0.0135579688600957	0.674473914272749	eBMD	0.813500656027118	up
PPP1R14A	rs4803999	6.8801e-203	Wald_leadSNP	-0.00326686736382555	0.00779433598827623	0.675118565193583	eBMD	0.813500656027118	up
SCN8A	rs1948432	1.4207e-83	Wald_leadSNP	0.00497540553238528	0.0120080346003482	0.678625338412521	eBMD	0.813500656027118	down
TRNP1	rs71514284	2.2669e-23	Wald_leadSNP	-0.00872872988117184	0.0210795994517688	0.678812415585856	eBMD	0.813500656027118	up
LRRC32	rs12360650	1.5968e-24	Wald_leadSNP	0.00940242144785248	0.0227781462014803	0.679765931823354	eBMD	0.813500656027118	up
GYPC	rs2119151	5.1712e-288	Wald_leadSNP	-0.0026900258668124	0.00651765983984949	0.679805328280553	eBMD	0.813500656027118	up
PBX1	rs12132020	3.2505e-58	Wald_leadSNP	0.00590556132982881	0.0143729993223324	0.681161376879921	eBMD	0.813500656027118	down
SLC44A1	rs72736926	4.6181e-22	Wald_leadSNP	0.00992538071000786	0.0241892830815874	0.68157018943224	eBMD	0.813500656027118	up
WNT11	rs17749202	2.6851e-84	Wald_leadSNP	0.00455785121698252	0.0111392262389437	0.682413985266764	eBMD	0.813500656027118	up
UGCG	rs7860334	1.0657e-45	Wald_leadSNP	0.00668474429391254	0.0164501070885234	0.684474587457833	eBMD	0.813500656027118	down
COL6A1	rs17551710	9.3427e-175	Wald_leadSNP	-0.00341512106610929	0.00842088585941806	0.68507058483304	eBMD	0.813500656027118	down
LOXL2	rs59478886	1.3977e-187	Wald_leadSNP	0.00223208761481043	0.00551479746149008	0.685664838651428	eBMD	0.813500656027118	down
ITPR3	rs10947417	1.1288954292536e-308	Wald_leadSNP	0.00216259170470421	0.00539547724877915	0.688555857916875	eBMD	0.814957416375045	down
MMP19	rs7296830	1.5923e-12	Wald_leadSNP	0.0108164726514119	0.0277045693778482	0.696224542042921	eBMD	0.822048254460316	up
UPP1	rs11768083	1.1288954292536e-308	Wald_leadSNP	-0.0020938231968975	0.00545685797422217	0.701197173168434	eBMD	0.82463627404922	up
HS3ST3B1	rs4792444	4.1255e-46	Wald_leadSNP	0.00624133989620561	0.0162995158520796	0.701782298527602	eBMD	0.82463627404922	up
RPS28	rs2972572	1.3506e-69	Wald_leadSNP	0.00274394089032139	0.00725162434484637	0.705141023362277	eBMD	0.826600721166305	up
ABCA6	rs997781	8.0531e-12	Wald_leadSNP	0.0124094929556259	0.0341416079921732	0.716252885211581	eBMD	0.835649341111615	up
ADPRHL1	rs1386	9.2861e-20	Wald_leadSNP	0.00937094158810182	0.0257835034185799	0.716270863809955	eBMD	0.835649341111615	up
MFSD12	rs1638539	1.0561e-94	Wald_leadSNP	-0.00271988902354705	0.0076048529542511	0.720603940073277	eBMD	0.838602845876588	up
TNXB	rs2269426	1.604e-126	Wald_leadSNP	-0.00152422793167765	0.00428772625030608	0.72222530808147	eBMD	0.838602845876588	down
NABP1	rs6757799	1.2172e-20	Wald_leadSNP	-0.00771375447110933	0.0222159059764355	0.728427818542484	eBMD	0.840910634395071	down
PRKAA1	rs3805487	2.543e-24	Wald_leadSNP	-0.00778309831723083	0.0224829863221691	0.729209512814243	eBMD	0.840910634395071	down
PTGES	rs17418275	1.8385e-159	Wald_leadSNP	0.00267012344095034	0.00771767032965984	0.729361264526337	eBMD	0.840910634395071	up
ADAMTS2	rs255027	5.6083e-64	Wald_leadSNP	-0.00391942327371347	0.011719580568607	0.738052275527185	eBMD	0.848933368564133	down
C1R	rs6488561	6.3542e-38	Wald_leadSNP	0.00586601240755073	0.0180038814319854	0.744561060356136	eBMD	0.852095642683582	up
BMP2	rs6140415	1.7079e-123	Wald_leadSNP	-0.00327954705187361	0.0100688116353904	0.744641191372628	eBMD	0.852095642683582	up
EVC	rs2291157	1.2381e-18	Wald_leadSNP	0.00844747010342689	0.0260809865027656	0.746018430022972	eBMD	0.852095642683582	down
ITGA1	rs164651	3.711e-244	Wald_leadSNP	0.00216776658742059	0.00676481645271364	0.748629339090131	eBMD	0.853089246870149	down
PER3	rs148870971	1.1288954292536e-308	Wald_leadSNP	-0.000984926367053272	0.00312667470189555	0.752755865672366	eBMD	0.855801332202922	down
IFITM1	rs6598041	6.9092e-237	Wald_leadSNP	-0.00172997029234377	0.00578580630692501	0.76493817206026	eBMD	0.866378928272613	up
ATM	rs79866170	4.8456e-20	Wald_leadSNP	0.00560263688250853	0.0187919466433269	0.765596073351105	eBMD	0.866378928272613	down
COLEC12	rs2846667	3.2545e-115	Wald_leadSNP	-0.00303032127153385	0.0103944029313939	0.770642987955537	eBMD	0.866843061708118	down
NCEH1	rs73173358	2.8048e-103	Wald_leadSNP	-0.00319488818949996	0.0110029844921698	0.771536558084145	eBMD	0.866843061708118	down
NANOS1	rs565922	1.0184e-295	Wald_leadSNP	-0.00184485904533535	0.00636481022879661	0.77192873461148	eBMD	0.866843061708118	up
IGFBP2	rs17496232	1.1288954292536e-308	Wald_leadSNP	-0.00161522067007535	0.00560169021046232	0.773082485645811	eBMD	0.866843061708118	down
LONP1	rs10413286	1.1288954292536e-308	Wald_leadSNP	-0.00169581819670463	0.00593478971838719	0.775075796726076	eBMD	0.86709392784424	down
C10orf10	rs870957	9.7399e-32	Wald_leadSNP	-0.00547104936895124	0.0198100467020703	0.782413281014683	eBMD	0.872980674899499	up
IRS1	rs1608226	2.4563e-152	Wald_leadSNP	0.00230303667782373	0.00845704026967906	0.785374572806085	eBMD	0.872980674899499	down
CACHD1	rs11808959	2.0494e-67	Wald_leadSNP	0.0036421801978298	0.0134689449672843	0.786842403905838	eBMD	0.872980674899499	down
PRR5L	rs56403503	1.2714e-152	Wald_leadSNP	0.00238043769993308	0.00882935495615917	0.78746420062363	eBMD	0.872980674899499	up
DUSP1	rs7702178	1.0259e-24	Wald_leadSNP	-0.00592893473815744	0.0227742665911624	0.794605510936887	eBMD	0.877864890047118	up
FAM107B	rs17155703	1.9926e-304	Wald_leadSNP	0.00164100882524079	0.00633017109000511	0.795453084042695	eBMD	0.877864890047118	down
DDX58	rs7022554	3.6558e-142	Wald_leadSNP	0.00237448805593023	0.00928935352966248	0.798248969976735	eBMD	0.878970775929439	up
PLAT	rs3924346	2.5086e-19	Wald_leadSNP	0.00651124636548274	0.0259388916933501	0.801796685948159	eBMD	0.880320587781381	up
EPS8	rs11829666	1.5204e-28	Wald_leadSNP	0.00519832700774317	0.0209865183936253	0.804367770650569	eBMD	0.880320587781381	up
SMOX	rs11087622	1.1288954292536e-308	Wald_leadSNP	-0.0015461279709468	0.0062581971620394	0.80486453740012	eBMD	0.880320587781381	up
A2M	rs61916006	4.6657e-102	Wald_leadSNP	0.00235520348145708	0.0099268727009627	0.812458712484003	eBMD	0.886385133424402	up
SLC24A3	rs1006268	1.1288954292536e-308	Wald_leadSNP	-0.00146897070977618	0.00629746733120027	0.815556622217275	eBMD	0.886385133424402	down
ADAMTS1	rs462404	4.0421e-192	Wald_leadSNP	-0.00185249364038821	0.00795390067287853	0.815836112600827	eBMD	0.886385133424402	up
IGFBP3	rs788767	4.4168e-242	Wald_leadSNP	-0.00153040481392809	0.00700410033876519	0.827038569496666	eBMD	0.896568360737536	down
MX1	rs148214	1.1288954292536e-308	Wald_leadSNP	0.00130987703429001	0.0061755033625649	0.832022353252419	eBMD	0.899980028904383	up
KLF7	rs6739830	1.1375e-27	Wald_leadSNP	0.0043554468751183	0.0212245242486462	0.837409446236004	eBMD	0.903811957391281	down
SLC7A11	rs28364685	4.2977e-28	Wald_leadSNP	0.00407658616659006	0.0211524610097554	0.847175153518446	eBMD	0.910672369842005	down
VEGFA	rs11965885	8.9324e-192	Wald_leadSNP	-0.00151438500283448	0.00792046606630775	0.848369705700657	eBMD	0.910672369842005	down
TSPAN9	rs71458049	2.0789e-24	Wald_leadSNP	0.00440297170710155	0.0231785548544214	0.849341373505706	eBMD	0.910672369842005	down
NEU1	rs3101018	7.6184e-18	Wald_leadSNP	0.00287304925077888	0.0156759657722922	0.854580416198452	eBMD	0.912343669252936	down
FRMD6	rs2025026	7.3487e-30	Wald_leadSNP	0.00366325407804307	0.020098814101778	0.8553769617089	eBMD	0.912343669252936	down
RALGPS2	rs10913618	9.2637e-22	Wald_leadSNP	-0.00434957384748076	0.0240508241682366	0.856485893584389	eBMD	0.912343669252936	down
ADCY9	rs1034905	1.1288954292536e-308	Wald_leadSNP	0.00111269146731888	0.0063202823521197	0.860253945637277	eBMD	0.914369703605782	down
RAMP1	rs895572	5.0939e-154	Wald_leadSNP	-0.00149214328048703	0.00885197969461986	0.86613798398967	eBMD	0.918631195140559	up
B3GNT5	rs74649132	6.4702e-156	Wald_leadSNP	0.00143434857904567	0.00879526083800075	0.870453885312357	eBMD	0.921214695038996	up
UFL1	rs9386528	4.4179e-82	Wald_leadSNP	-0.00169892958024349	0.0108478201405042	0.875548408824445	eBMD	0.924609311043056	down
ZC2HC1A	rs10085999	1.1288954292536e-308	Wald_leadSNP	0.000845309696306052	0.00558395340630905	0.87967443552313	eBMD	0.926782748051701	down
IFI27	rs7141881	1.2112e-174	Wald_leadSNP	-0.00124010422367891	0.00840463350356452	0.882697865599761	eBMD	0.926782748051701	down
GPX3	rs12518386	1.0548e-171	Wald_leadSNP	-0.0012368212226449	0.00842454497246487	0.883280700694172	eBMD	0.926782748051701	up
CYSTM1	rs56997077	1.9322e-56	Wald_leadSNP	0.0018678179587789	0.0132588759550779	0.887970252840298	eBMD	0.929712444213133	up
CLU	rs60056423	9.9887e-15	Wald_leadSNP	0.00409659575468808	0.0296301553755493	0.89003679165128	eBMD	0.929759674879711	up
APOD	rs7640745	6.3568e-45	Wald_leadSNP	-0.00179018412642656	0.0131617743357346	0.891810300394825	eBMD	0.929759674879711	up
EPHB2	rs2043970	9.9989e-206	Wald_leadSNP	-0.00100516643269608	0.00760205710186745	0.89480794728543	eBMD	0.930904233906286	down
ATP1B1	rs1200136	1.1288954292536e-308	Wald_leadSNP	-0.00071836679853156	0.00620548795742983	0.907840260581249	eBMD	0.942461287467822	up
PLXNC1	rs12369480	7.7938e-98	Wald_leadSNP	-0.00122900016910338	0.0111263624312997	0.912045841550585	eBMD	0.944825501817731	down
GADD45B	rs61059449	6.369e-144	Wald_leadSNP	-0.000885970871836203	0.00877773025880661	0.919602902934011	eBMD	0.949448513554606	up
ADAM12	rs898325	4.5479e-62	Wald_leadSNP	-0.00139225979762847	0.0139295175273149	0.920383763139668	eBMD	0.949448513554606	down
PTGS1	rs62575596	3.9873e-37	Wald_leadSNP	0.00168516551621729	0.0183735259387291	0.926922854050786	eBMD	0.954185290934632	up
OSBP2	rs5997788	1.0301e-28	Wald_leadSNP	0.00167696062458795	0.0212908347211326	0.937219990754514	eBMD	0.959633080152593	down
CEP135	rs62308564	1.0257e-56	Wald_leadSNP	-0.00105576746042908	0.0134086324106712	0.937241104986334	eBMD	0.959633080152593	down
DDIT3	rs697221	4.8972e-59	Wald_leadSNP	-0.00104402520636283	0.0137434675405062	0.939446787673764	eBMD	0.959633080152593	down
LDB2	rs1483008	1.9844e-46	Wald_leadSNP	-0.00122326953808951	0.0162650192472144	0.94004873157805	eBMD	0.959633080152593	down
ATOX1	rs7720579	5.687e-302	Wald_leadSNP	-0.000438739812876445	0.00638452122571032	0.945213057408839	eBMD	0.962898956611915	up
IFIT2	rs2102698	2.553e-29	Wald_leadSNP	-0.00131612028530548	0.0201636430263327	0.947957475920542	eBMD	0.963691209960717	up
NRG1	rs10087952	1.1288954292536e-308	Wald_leadSNP	-0.000337731996602264	0.00614089730003997	0.956140715302405	eBMD	0.969997827118382	down
SP110	rs1004868	1.1288954292536e-308	Wald_leadSNP	-0.000202290047214722	0.00463672219469718	0.965201081511881	eBMD	0.977166384175252	up
NPC1	rs7227589	2.7994e-248	Wald_leadSNP	-0.000269318667002378	0.00706826071991244	0.969605928389667	eBMD	0.979601865795746	down
C6orf48	rs140091914	1.6227e-153	Wald_leadSNP	-0.000196782165372862	0.00584938435397126	0.973163014914428	eBMD	0.981172587053641	up
EFHD1	rs4524114	6.0645e-50	Wald_leadSNP	0.000364234374303217	0.013683690126085	0.978764305060304	eBMD	0.984793653962113	up
IKZF5	rs41291346	4.7636e-15	Wald_leadSNP	0.000578129457350495	0.0294445184644667	0.984334913406521	eBMD	0.988369072887695	down
ABCB1	rs10226830	1.0157e-33	Wald_leadSNP	-0.000215762291441108	0.0189506203235909	0.990915881437446	eBMD	0.991532003860494	up
JUN	rs2716140	3.4506e-177	Wald_leadSNP	-8.71480148522838e-05	0.00821124018377313	0.991532003860494	eBMD	0.991532003860494	down
