gene	jaw_weak_direction_consistent	abs_jaw_effect	jaw_log2FC_human	jaw_log2FC_mouse	n_sources	in_core
PTGIS	TRUE	2.447055	2.447055	NA	1	FALSE
ANKRD1	TRUE	2.42137666666667	-2.42137666666667	NA	1	FALSE
LIMCH1	TRUE	2.18989833333333	-2.18989833333333	NA	1	FALSE
ZNF521	TRUE	2.15548166666667	2.15548166666667	NA	1	FALSE
KYNU	TRUE	2.03760333333333	2.03760333333333	NA	1	FALSE
ANKRD29	TRUE	1.856955	1.856955	NA	1	FALSE
RGS4	TRUE	1.76619166666667	-1.76619166666667	NA	1	FALSE
CPXM2	TRUE	1.736885	1.736885	NA	1	FALSE
LAMA3	TRUE	1.73045666666667	1.73045666666667	NA	1	FALSE
COMP	TRUE	1.66512666666667	-1.66512666666667	NA	1	FALSE
MKX	TRUE	1.60775333333333	1.60775333333333	NA	1	FALSE
COLEC12	TRUE	1.58055	1.58055	NA	1	FALSE
SEMA3A	TRUE	1.514145	1.514145	NA	1	FALSE
NTNG1	TRUE	1.46439833333333	1.46439833333333	NA	1	FALSE
SAMD5	TRUE	1.43400833333333	1.43400833333333	NA	1	TRUE
SYTL2	TRUE	1.33681166666666	1.33681166666666	NA	1	FALSE
PARP14	TRUE	1.29383666666667	1.29383666666667	NA	1	FALSE
PTGFR	TRUE	1.27900666666667	1.27900666666667	NA	1	FALSE
SULF2	TRUE	1.26494333333333	1.26494333333333	NA	1	FALSE
SEMA3D	TRUE	1.26418833333333	1.26418833333333	NA	1	FALSE
FAM107B	TRUE	1.18260666666667	1.18260666666667	NA	1	FALSE
PLXNC1	TRUE	1.16153333333333	1.16153333333333	NA	1	FALSE
SIPA1L2	TRUE	1.161365	1.161365	NA	1	TRUE
EYA1	TRUE	1.13321	1.13321	NA	1	FALSE
SOCS2	TRUE	1.12851333333333	1.12851333333333	NA	1	FALSE
KCNJ2	TRUE	1.07297333333333	1.07297333333333	NA	1	FALSE
GULP1	TRUE	1.06951333333333	1.06951333333333	NA	1	FALSE
ITGA8	TRUE	1.063465	1.063465	NA	1	FALSE
ARHGEF28	TRUE	1.05330833333333	-1.05330833333333	NA	1	FALSE
PHKA1	TRUE	1.021055	-1.021055	NA	1	FALSE
PLA2G4A	TRUE	1.01906666666667	1.01906666666667	NA	1	FALSE
PBX1	TRUE	1.01502666666667	1.01502666666667	NA	1	FALSE
RALGPS2	TRUE	0.998193333333332	0.998193333333332	NA	1	FALSE
TES	TRUE	0.997135000000001	-0.997135000000001	NA	1	FALSE
CXCL1	TRUE	0.991348333333332	0.991348333333332	NA	1	FALSE
SH2D4A	TRUE	0.989131666666666	0.989131666666666	NA	1	FALSE
FBLN2	TRUE	0.965381666666666	0.965381666666666	NA	1	FALSE
BDKRB1	TRUE	0.964373333333333	0.964373333333333	NA	1	FALSE
PRRX1	TRUE	0.958311666666665	0.958311666666665	NA	1	FALSE
CACNA2D3	TRUE	0.927246666666666	0.927246666666666	NA	1	FALSE
GPNMB	TRUE	0.896529999999999	0.896529999999999	NA	1	FALSE
HAS2	TRUE	0.890440000000001	-0.890440000000001	NA	1	FALSE
TNFSF15	TRUE	0.877159999999999	0.877159999999999	NA	1	FALSE
CCBE1	TRUE	0.875894999999999	0.875894999999999	NA	1	FALSE
ADAMTS1	TRUE	0.871185000000001	-0.871185000000001	NA	1	FALSE
NHSL2	TRUE	0.868893333333332	0.868893333333332	NA	1	FALSE
GALNT10	TRUE	0.848590000000002	-0.848590000000002	NA	1	FALSE
FMN1	TRUE	0.848126666666665	0.848126666666665	NA	1	TRUE
TKT	TRUE	0.845626666666666	0.845626666666666	NA	1	FALSE
STEAP2	TRUE	0.838569999999998	0.838569999999998	NA	1	FALSE
TMEM119	TRUE	0.824334999999998	0.824334999999998	NA	1	FALSE
CNTN3	TRUE	0.808263333333334	-0.808263333333334	NA	1	FALSE
SLIT2	TRUE	0.802794999999998	0.802794999999998	NA	1	FALSE
LDB2	TRUE	0.798626666666665	0.798626666666665	NA	1	TRUE
DNAJC6	TRUE	0.782623333333333	0.782623333333333	NA	1	FALSE
DOK6	TRUE	0.776933333333333	0.776933333333333	NA	1	FALSE
CADM1	TRUE	0.772385	0.772385	NA	1	FALSE
KIT	TRUE	0.7704	0.7704	NA	1	FALSE
GAS1	TRUE	0.760114999999998	0.760114999999998	NA	1	FALSE
SEMA6D	TRUE	0.728183333333332	0.728183333333332	NA	1	TRUE
APCDD1	TRUE	0.727523333333333	0.727523333333333	NA	1	FALSE
SAMD9	TRUE	0.715053333333331	0.715053333333331	NA	1	FALSE
CRYAB	TRUE	0.703053333333336	-0.703053333333336	NA	1	FALSE
ID2	TRUE	0.692649999999999	0.692649999999999	NA	1	FALSE
ALPL	TRUE	0.690861666666669	-0.690861666666669	NA	1	FALSE
BEX1	TRUE	0.688103333333332	0.688103333333332	NA	1	FALSE
EGR1	TRUE	0.672119999999998	0.672119999999998	NA	1	FALSE
SCN9A	TRUE	0.671274999999999	0.671274999999999	NA	1	FALSE
DOK5	TRUE	0.669081666666667	0.669081666666667	NA	1	FALSE
ZEB2	TRUE	0.668114999999997	0.668114999999997	NA	1	FALSE
AK4	TRUE	0.664831666666668	-0.664831666666668	NA	1	FALSE
PRKCE	TRUE	0.659875	0.659875	NA	1	FALSE
BST2	TRUE	0.649408333333335	-0.649408333333335	NA	1	FALSE
DPYD	TRUE	0.638576666666666	0.638576666666666	NA	1	FALSE
C8orf34	TRUE	0.625080000000001	-0.625080000000001	NA	1	FALSE
EPHA5	TRUE	0.614248333333333	0.614248333333333	NA	1	FALSE
FYCO1	TRUE	0.608376666666665	0.608376666666665	NA	1	FALSE
MMP3	TRUE	0.606678333333333	0.606678333333333	NA	1	FALSE
OSR1	TRUE	0.60179	0.60179	NA	1	FALSE
SMOC1	TRUE	0.598881666666668	-0.598881666666668	NA	1	TRUE
SASH1	TRUE	0.596526666666665	0.596526666666665	NA	1	FALSE
ARL4C	TRUE	0.591236666666665	0.591236666666665	NA	1	FALSE
ELFN1	TRUE	0.578369999999999	0.578369999999999	NA	1	FALSE
CRIP2	TRUE	0.574975000000002	-0.574975000000002	NA	1	FALSE
HMOX1	TRUE	0.56977833333333	0.56977833333333	NA	1	FALSE
CHL1	TRUE	0.559133333333333	0.559133333333333	NA	1	FALSE
LIF	TRUE	0.55637	0.55637	NA	1	FALSE
SMAD3	TRUE	0.555459999999998	0.555459999999998	NA	1	FALSE
NOV	TRUE	0.553981666666667	0.553981666666667	NA	1	FALSE
TMEM171	TRUE	0.553356666666666	0.553356666666666	NA	1	FALSE
UNC5D	TRUE	0.548359999999999	0.548359999999999	NA	1	FALSE
PSD3	TRUE	0.547313333333332	0.547313333333332	NA	1	FALSE
GDF15	TRUE	0.544755000000002	-0.544755000000002	NA	1	FALSE
AHR	TRUE	0.539201666666665	0.539201666666665	NA	1	FALSE
FRMD5	TRUE	0.536161666666668	-0.536161666666668	NA	1	FALSE
TMOD2	TRUE	0.525409999999999	0.525409999999999	NA	1	FALSE
DLX2	TRUE	0.525273333333332	0.525273333333332	NA	1	TRUE
SLIT3	TRUE	0.523715000000002	-0.523715000000002	NA	1	FALSE
RGMB	TRUE	0.518056666666665	0.518056666666665	NA	1	TRUE
NPC1	TRUE	0.514563333333332	0.514563333333332	NA	1	FALSE
SRGN	TRUE	0.512333333333334	-0.512333333333334	NA	1	TRUE
NMT2	TRUE	0.51072	0.51072	NA	1	FALSE
GAS6	TRUE	0.503540000000001	-0.503540000000001	NA	1	FALSE
ITGA10	TRUE	0.498513333333334	-0.498513333333334	NA	1	FALSE
CIT	TRUE	0.496656666666665	0.496656666666665	NA	1	FALSE
IRS1	TRUE	0.496638333333333	0.496638333333333	NA	1	TRUE
THBS2	TRUE	0.491504999999999	0.491504999999999	NA	1	FALSE
RAC2	TRUE	0.486450000000001	-0.486450000000001	NA	1	FALSE
IFI27	TRUE	0.486036666666666	0.486036666666666	NA	1	FALSE
ZSCAN31	TRUE	0.48411	0.48411	NA	1	FALSE
UGCG	TRUE	0.464164999999999	0.464164999999999	NA	1	FALSE
MYO1D	TRUE	0.461248333333333	0.461248333333333	NA	1	FALSE
HMGA1	TRUE	0.454879999999999	0.454879999999999	NA	1	FALSE
KREMEN1	TRUE	0.452563333333332	0.452563333333332	NA	1	FALSE
TSC22D3	TRUE	0.451975000000001	-0.451975000000001	NA	1	FALSE
NT5DC3	TRUE	0.451645000000001	-0.451645000000001	NA	1	FALSE
ADCY9	TRUE	0.451169999999999	0.451169999999999	NA	1	TRUE
FOXF2	TRUE	0.451066666666665	0.451066666666665	NA	1	FALSE
TXNRD1	TRUE	0.448849999999999	0.448849999999999	NA	1	FALSE
ADARB1	TRUE	0.444308333333333	-0.444308333333333	NA	1	FALSE
MTSS1L	TRUE	0.444046666666666	0.444046666666666	NA	1	FALSE
RCAN1	TRUE	0.441196666666667	-0.441196666666667	NA	1	FALSE
ADRA2A	TRUE	0.436969999999999	0.436969999999999	NA	1	FALSE
LYPD1	TRUE	0.434908333333335	-0.434908333333335	NA	1	FALSE
PTPN13	TRUE	0.434678333333332	0.434678333333332	NA	1	FALSE
AK5	TRUE	0.432651666666666	0.432651666666666	NA	1	FALSE
KCND3	TRUE	0.429926666666665	0.429926666666665	NA	1	FALSE
TRIM16L	TRUE	0.417189999999999	0.417189999999999	NA	1	FALSE
NCOA2	TRUE	0.412209999999999	0.412209999999999	NA	1	FALSE
ADD3	TRUE	0.410905	0.410905	NA	1	FALSE
IRX3	TRUE	0.410616666666668	-0.410616666666668	NA	1	FALSE
KIF20A	TRUE	0.408411666666666	0.408411666666666	NA	1	FALSE
P4HA3	TRUE	0.406208333333335	-0.406208333333335	NA	1	TRUE
IGF2BP3	TRUE	0.405699999999999	0.405699999999999	NA	1	FALSE
ANGPTL4	TRUE	0.404275000000001	-0.404275000000001	NA	1	FALSE
EPS15	TRUE	0.40117	0.40117	NA	1	FALSE
MFGE8	TRUE	0.394536666666667	-0.394536666666667	NA	1	FALSE
PLEKHG4	TRUE	0.390914999999999	0.390914999999999	NA	1	FALSE
NCAPG	TRUE	0.389496666666666	0.389496666666666	NA	1	FALSE
NNMT	TRUE	0.387141666666669	-0.387141666666669	NA	1	FALSE
TM4SF20	TRUE	0.387128333333332	0.387128333333332	NA	1	FALSE
RND3	TRUE	0.386613333333332	0.386613333333332	NA	1	FALSE
CLSTN2	TRUE	0.384171666666666	0.384171666666666	NA	1	FALSE
HIPK3	TRUE	0.375281666666667	0.375281666666667	NA	1	FALSE
PLAT	TRUE	0.369521666666668	-0.369521666666668	NA	1	FALSE
HEPH	TRUE	0.368299999999998	0.368299999999998	NA	1	FALSE
NT5DC2	TRUE	0.364066666666668	-0.364066666666668	NA	1	FALSE
DLX1	TRUE	0.362538333333332	0.362538333333332	NA	1	FALSE
ROCK2	TRUE	0.359581666666666	0.359581666666666	NA	1	FALSE
AQP1	TRUE	0.359421666666665	0.359421666666665	NA	1	FALSE
NR1D2	TRUE	0.353911666666667	0.353911666666667	NA	1	FALSE
IL6ST	TRUE	0.352169999999998	0.352169999999998	NA	1	FALSE
LAMP5	TRUE	0.35133	0.35133	NA	1	FALSE
PTTG1	TRUE	0.351243333333333	0.351243333333333	NA	1	FALSE
NQO1	TRUE	0.341884999999999	0.341884999999999	NA	1	FALSE
EPHB2	TRUE	0.340628333333333	0.340628333333333	NA	1	FALSE
IL6	TRUE	0.340386666666665	0.340386666666665	NA	1	FALSE
ATP1B1	TRUE	0.338421666666668	-0.338421666666668	NA	1	FALSE
ENTPD1	TRUE	0.338346666666668	-0.338346666666668	NA	1	FALSE
ATP2A3	TRUE	0.337038333333332	0.337038333333332	NA	1	FALSE
SLFN5	TRUE	0.333736666666665	0.333736666666665	NA	1	FALSE
NTRK2	TRUE	0.329606666666667	-0.329606666666667	NA	1	FALSE
SLC1A5	TRUE	0.325591666666665	0.325591666666665	NA	1	FALSE
NFIA	TRUE	0.323871666666668	-0.323871666666668	NA	1	FALSE
PYGO1	TRUE	0.322796666666667	0.322796666666667	NA	1	FALSE
LGMN	TRUE	0.321171666666669	-0.321171666666669	NA	1	FALSE
SLC20A2	TRUE	0.315183333333334	-0.315183333333334	NA	1	FALSE
KIAA1644	TRUE	0.312774999999998	0.312774999999998	NA	1	FALSE
EHF	TRUE	0.304363333333333	0.304363333333333	NA	1	FALSE
SOCS5	TRUE	0.303999999999999	0.303999999999999	NA	1	FALSE
PTGS2	TRUE	0.303041666666666	0.303041666666666	NA	1	FALSE
EFHD1	TRUE	0.302958333333335	-0.302958333333335	NA	1	FALSE
PIKFYVE	TRUE	0.301439999999998	0.301439999999998	NA	1	FALSE
COL11A1	TRUE	0.290398333333336	-0.290398333333336	NA	1	FALSE
FER1L6	TRUE	0.289443333333333	0.289443333333333	NA	1	FALSE
CKB	TRUE	0.288628333333335	-0.288628333333335	NA	1	FALSE
PIEZO2	TRUE	0.288579999999999	0.288579999999999	NA	1	TRUE
QPCTL	TRUE	0.288490000000001	-0.288490000000001	NA	1	FALSE
DPF3	TRUE	0.284393333333333	0.284393333333333	NA	1	FALSE
EEA1	TRUE	0.281976666666666	0.281976666666666	NA	1	FALSE
GALM	TRUE	0.275543333333333	0.275543333333333	NA	1	FALSE
VSTM4	TRUE	0.272096666666665	0.272096666666665	NA	1	FALSE
TRHDE	TRUE	0.271778333333334	-0.271778333333334	NA	1	FALSE
KIAA0040	TRUE	0.270913333333333	-0.270913333333333	NA	1	FALSE
OSBP2	TRUE	0.268888333333332	0.268888333333332	NA	1	FALSE
PLXDC2	TRUE	0.268723333333335	-0.268723333333335	NA	1	TRUE
ADAM33	TRUE	0.268683333333333	0.268683333333333	NA	1	FALSE
SNTB1	TRUE	0.266066666666666	0.266066666666666	NA	1	FALSE
PFKFB3	TRUE	0.265666666666666	0.265666666666666	NA	1	FALSE
KCTD12	TRUE	0.262611666666666	0.262611666666666	NA	1	FALSE
NAPEPLD	TRUE	0.258749999999998	0.258749999999998	NA	1	FALSE
PRKG2	TRUE	0.257243333333333	0.257243333333333	NA	1	FALSE
IKZF5	TRUE	0.254561666666666	0.254561666666666	NA	1	FALSE
CENPF	TRUE	0.253489999999999	0.253489999999999	NA	1	FALSE
SAMD9L	TRUE	0.252146666666665	0.252146666666665	NA	1	FALSE
MYOF	TRUE	0.247908333333331	0.247908333333331	NA	1	FALSE
EVC	TRUE	0.245938333333332	0.245938333333332	NA	1	FALSE
ASPM	TRUE	0.245343333333333	0.245343333333333	NA	1	FALSE
EDNRB	TRUE	0.238951666666667	-0.238951666666667	NA	1	TRUE
SYT11	TRUE	0.235499999999998	0.235499999999998	NA	1	FALSE
RFX7	TRUE	0.232248333333333	0.232248333333333	NA	1	FALSE
NRP2	TRUE	0.227773333333335	-0.227773333333335	NA	1	FALSE
NPTX1	TRUE	0.225953333333332	0.225953333333332	NA	1	FALSE
SHMT2	TRUE	0.225379999999999	0.225379999999999	NA	1	FALSE
MFSD12	TRUE	0.224466666666668	-0.224466666666668	NA	1	TRUE
PSD4	TRUE	0.222686666666668	-0.222686666666668	NA	1	FALSE
PCMTD1	TRUE	0.222673333333332	0.222673333333332	NA	1	FALSE
ATP2B4	TRUE	0.220848333333333	0.220848333333333	NA	1	FALSE
KAT6A	TRUE	0.219923333333331	0.219923333333331	NA	1	FALSE
HIVEP1	TRUE	0.214603333333331	0.214603333333331	NA	1	TRUE
PTGES	TRUE	0.209845000000001	-0.209845000000001	NA	1	FALSE
GREM2	TRUE	0.205618333333333	0.205618333333333	NA	1	TRUE
MED13L	TRUE	0.203833333333332	0.203833333333332	NA	1	FALSE
SCARA3	TRUE	0.202128333333334	-0.202128333333334	NA	1	FALSE
FRMD6	TRUE	0.200584999999999	0.200584999999999	NA	1	TRUE
CD14	TRUE	0.199475000000001	-0.199475000000001	NA	1	FALSE
PLCB1	TRUE	0.199368333333332	0.199368333333332	NA	1	FALSE
PER3	TRUE	0.198986666666665	0.198986666666665	NA	1	FALSE
TRAM2	TRUE	0.196881666666665	0.196881666666665	NA	1	FALSE
LTBP4	TRUE	0.196266666666666	0.196266666666666	NA	1	FALSE
PARM1	TRUE	0.19547	-0.19547	NA	1	FALSE
MIR146A	TRUE	0.191485	0.191485	NA	1	FALSE
SHC4	TRUE	0.191328333333334	-0.191328333333334	NA	1	FALSE
MIF	TRUE	0.18989	-0.18989	NA	1	FALSE
TNXB	TRUE	0.188121666666666	0.188121666666666	NA	1	FALSE
SLC7A11	TRUE	0.186023333333333	0.186023333333333	NA	1	FALSE
PNPLA3	TRUE	0.185879999999998	0.185879999999998	NA	1	FALSE
TOP2A	TRUE	0.182361666666666	0.182361666666666	NA	1	FALSE
SOD3	TRUE	0.181099999999999	0.181099999999999	NA	1	FALSE
NTSR1	TRUE	0.181066666666666	0.181066666666666	NA	1	FALSE
SLC47A1	TRUE	0.179971666666666	0.179971666666666	NA	1	FALSE
SEMA3F	TRUE	0.179148333333332	0.179148333333332	NA	1	FALSE
NSG1	TRUE	0.169426666666667	-0.169426666666667	NA	1	FALSE
KCNG1	TRUE	0.169086666666667	-0.169086666666667	NA	1	FALSE
CYP26B1	TRUE	0.168281666666667	-0.168281666666667	NA	1	FALSE
FTO	TRUE	0.168281666666666	0.168281666666666	NA	1	FALSE
GADD45A	TRUE	0.167723333333334	-0.167723333333334	NA	1	FALSE
IKZF2	TRUE	0.166403333333332	0.166403333333332	NA	1	FALSE
SLC22A15	TRUE	0.163626666666665	0.163626666666665	NA	1	FALSE
KCNK6	TRUE	0.160971666666668	-0.160971666666668	NA	1	FALSE
NEDD4	TRUE	0.157719999999999	0.157719999999999	NA	1	FALSE
SYNJ2	TRUE	0.156766666666665	0.156766666666665	NA	1	FALSE
WNT5A	TRUE	0.154313333333331	0.154313333333331	NA	1	TRUE
PRDX5	TRUE	0.153946666666669	-0.153946666666669	NA	1	FALSE
ATM	TRUE	0.153691666666666	0.153691666666666	NA	1	FALSE
ACPP	TRUE	0.153506666666666	0.153506666666666	NA	1	FALSE
SLC14A1	TRUE	0.148619999999998	0.148619999999998	NA	1	FALSE
PRKAA1	TRUE	0.148171666666665	0.148171666666665	NA	1	FALSE
ATP6V0B	TRUE	0.147750000000002	-0.147750000000002	NA	1	FALSE
ABCB1	TRUE	0.145898333333334	-0.145898333333334	NA	1	FALSE
WNT11	TRUE	0.145761666666668	-0.145761666666668	NA	1	FALSE
SLC39A4	TRUE	0.142736666666668	-0.142736666666668	NA	1	FALSE
RPL26	TRUE	0.142065000000002	-0.142065000000002	NA	1	FALSE
TEAD1	TRUE	0.140846666666666	0.140846666666666	NA	1	FALSE
KRT19	TRUE	0.140348333333334	-0.140348333333334	NA	1	FALSE
GCNT1	TRUE	0.139045000000001	-0.139045000000001	NA	1	TRUE
ANKRD12	TRUE	0.139041666666666	0.139041666666666	NA	1	FALSE
SMAD9	TRUE	0.138684999999999	0.138684999999999	NA	1	FALSE
COL3A1	TRUE	0.138220000000002	-0.138220000000002	NA	1	FALSE
RHOD	TRUE	0.135283333333335	-0.135283333333335	NA	1	FALSE
SORBS1	TRUE	0.13432	-0.13432	NA	1	FALSE
SLC7A5	TRUE	0.134176666666666	0.134176666666666	NA	1	FALSE
RBM41	TRUE	0.131675	0.131675	NA	1	FALSE
ICK	TRUE	0.128048333333332	0.128048333333332	NA	1	FALSE
UPP1	TRUE	0.127668333333335	-0.127668333333335	NA	1	FALSE
C10orf10	TRUE	0.12753	-0.12753	NA	1	FALSE
MT1E	TRUE	0.127475	-0.127475	NA	1	FALSE
PPP1R13L	TRUE	0.126093333333334	-0.126093333333334	NA	1	FALSE
LTK	TRUE	0.126028333333333	0.126028333333333	NA	1	FALSE
DLC1	TRUE	0.125243333333333	0.125243333333333	NA	1	FALSE
ALCAM	TRUE	0.125210000000002	-0.125210000000002	NA	1	FALSE
AHRR	TRUE	0.124818333333332	0.124818333333332	NA	1	FALSE
NCEH1	TRUE	0.121599999999998	0.121599999999998	NA	1	FALSE
PLAUR	TRUE	0.120595000000002	-0.120595000000002	NA	1	FALSE
GADD45B	TRUE	0.120068333333335	-0.120068333333335	NA	1	FALSE
ZKSCAN8	TRUE	0.119109999999999	0.119109999999999	NA	1	FALSE
ATP5J2	TRUE	0.118415000000001	-0.118415000000001	NA	1	FALSE
TGM2	TRUE	0.117120000000002	-0.117120000000002	NA	1	FALSE
KLF7	TRUE	0.115411666666665	0.115411666666665	NA	1	TRUE
SGMS2	TRUE	0.115138333333332	0.115138333333332	NA	1	FALSE
CEP350	TRUE	0.114679999999999	0.114679999999999	NA	1	FALSE
TNFAIP8L3	TRUE	0.113385000000001	-0.113385000000001	NA	1	FALSE
CXCL12	TRUE	0.113359999999999	0.113359999999999	NA	1	FALSE
ISG20	TRUE	0.113201666666668	-0.113201666666668	NA	1	TRUE
IL1RL2	TRUE	0.112358333333334	-0.112358333333334	NA	1	FALSE
ANKRD50	TRUE	0.111391666666667	0.111391666666667	NA	1	FALSE
RASIP1	TRUE	0.109576666666667	-0.109576666666667	NA	1	FALSE
EBF3	TRUE	0.106533333333333	0.106533333333333	NA	1	FALSE
SH3D19	TRUE	0.104598333333332	0.104598333333332	NA	1	FALSE
AFF2	TRUE	0.103410000000001	-0.103410000000001	NA	1	FALSE
CTH	TRUE	0.102923333333334	-0.102923333333334	NA	1	FALSE
FAU	TRUE	0.101271666666668	-0.101271666666668	NA	1	FALSE
NPR3	TRUE	0.0998733333333357	-0.0998733333333357	NA	1	FALSE
DIO2	TRUE	0.0998066666666676	-0.0998066666666676	NA	1	FALSE
ID1	TRUE	0.0994266666666663	0.0994266666666663	NA	1	FALSE
IFI44	TRUE	0.0984233333333336	-0.0984233333333336	NA	1	FALSE
CLCF1	TRUE	0.0976600000000012	-0.0976600000000012	NA	1	FALSE
PRR5L	TRUE	0.0974566666666682	-0.0974566666666682	NA	1	FALSE
TSKU	TRUE	0.0912350000000013	-0.0912350000000013	NA	1	FALSE
NRP1	TRUE	0.0900699999999991	0.0900699999999991	NA	1	FALSE
IL32	TRUE	0.0885916666666681	-0.0885916666666681	NA	1	FALSE
DBNDD1	TRUE	0.0852250000000011	-0.0852250000000011	NA	1	FALSE
RBPJ	TRUE	0.0843133333333317	0.0843133333333317	NA	1	TRUE
TSPAN9	TRUE	0.0814533333333323	0.0814533333333323	NA	1	FALSE
N4BP3	TRUE	0.080473333333333	0.080473333333333	NA	1	FALSE
MCF2L	TRUE	0.0803583333333335	0.0803583333333335	NA	1	FALSE
UTRN	TRUE	0.0802433333333305	0.0802433333333305	NA	1	FALSE
HSPA12A	TRUE	0.0801499999999985	0.0801499999999985	NA	1	FALSE
SMC4	TRUE	0.0794166666666649	0.0794166666666649	NA	1	FALSE
HMGN2	TRUE	0.0765199999999971	0.0765199999999971	NA	1	FALSE
FNDC4	TRUE	0.0745766666666682	-0.0745766666666682	NA	1	FALSE
LONP1	TRUE	0.073819999999998	0.073819999999998	NA	1	FALSE
C10orf12	TRUE	0.0721066666666657	0.0721066666666657	NA	1	FALSE
TLDC2	TRUE	0.071585	-0.071585	NA	1	FALSE
ZNF185	TRUE	0.0707450000000009	-0.0707450000000009	NA	1	FALSE
NEU1	TRUE	0.0692233333333314	0.0692233333333314	NA	1	FALSE
SPRY1	TRUE	0.0675816666666684	-0.0675816666666684	NA	1	FALSE
LRRC32	TRUE	0.066138333333335	-0.066138333333335	NA	1	FALSE
BMP2	TRUE	0.0632416666666673	-0.0632416666666673	NA	1	FALSE
GALNT3	TRUE	0.0626350000000001	0.0626350000000001	NA	1	FALSE
PPP1R14A	TRUE	0.0604400000000014	-0.0604400000000014	NA	1	FALSE
RPAP2	TRUE	0.0594816666666661	0.0594816666666661	NA	1	FALSE
ABCA8	TRUE	0.0592466666666688	-0.0592466666666688	NA	1	FALSE
WISP1	TRUE	0.0589833333333345	-0.0589833333333345	NA	1	FALSE
POLR3K	TRUE	0.0579383333333333	-0.0579383333333333	NA	1	FALSE
PLK2	TRUE	0.056023333333333	0.056023333333333	NA	1	FALSE
ST6GAL1	TRUE	0.0559033333333346	-0.0559033333333346	NA	1	FALSE
SYNPO2	TRUE	0.0548150000000012	-0.0548150000000012	NA	1	FALSE
ALDOC	TRUE	0.0527050000000007	-0.0527050000000007	NA	1	FALSE
CYSTM1	TRUE	0.0519850000000015	-0.0519850000000015	NA	1	FALSE
SLC35E2B	TRUE	0.0517933333333319	0.0517933333333319	NA	1	FALSE
MAGOH	TRUE	0.0513333333333334	-0.0513333333333334	NA	1	FALSE
DUSP23	TRUE	0.0511266666666683	-0.0511266666666683	NA	1	FALSE
KLF12	TRUE	0.0499100000000001	0.0499100000000001	NA	1	TRUE
LYPD3	TRUE	0.0473416666666677	-0.0473416666666677	NA	1	FALSE
TMEM47	TRUE	0.0467049999999972	0.0467049999999972	NA	1	FALSE
JUN	TRUE	0.0460499999999988	0.0460499999999988	NA	1	FALSE
ADAMTS2	TRUE	0.0445199999999983	0.0445199999999983	NA	1	FALSE
SIX2	TRUE	0.0443650000000008	-0.0443650000000008	NA	1	FALSE
PMEPA1	TRUE	0.0423916666666696	-0.0423916666666696	NA	1	FALSE
TRNP1	TRUE	0.0414350000000007	-0.0414350000000007	NA	1	FALSE
HSPG2	TRUE	0.0391799999999993	0.0391799999999993	NA	1	FALSE
CEP135	TRUE	0.0373966666666662	0.0373966666666662	NA	1	FALSE
RPL36	TRUE	0.0369516666666674	-0.0369516666666674	NA	1	FALSE
PLK1	TRUE	0.0362933333333325	0.0362933333333325	NA	1	FALSE
SDF2L1	TRUE	0.0356450000000012	-0.0356450000000012	NA	1	FALSE
RASD2	TRUE	0.0343900000000011	-0.0343900000000011	NA	1	FALSE
UFL1	TRUE	0.0315316666666655	0.0315316666666655	NA	1	FALSE
BROX	TRUE	0.0293783333333319	0.0293783333333319	NA	1	TRUE
KIAA1033	TRUE	0.0286666666666652	0.0286666666666652	NA	1	FALSE
SYT12	TRUE	0.0282883333333339	-0.0282883333333339	NA	1	FALSE
RPL41	TRUE	0.0280049999999988	-0.0280049999999988	NA	1	FALSE
ALX4	TRUE	0.0278616666666667	-0.0278616666666667	NA	1	FALSE
FOXQ1	TRUE	0.0270383333333328	0.0270383333333328	NA	1	FALSE
PAMR1	TRUE	0.0250050000000003	-0.0250050000000003	NA	1	FALSE
LTBP1	TRUE	0.0242666666666662	0.0242666666666662	NA	1	FALSE
ITPR3	TRUE	0.0241383333333311	0.0241383333333311	NA	1	FALSE
SLC39A10	TRUE	0.0227883333333314	0.0227883333333314	NA	1	FALSE
CEPT1	TRUE	0.0222783333333325	0.0222783333333325	NA	1	FALSE
TRIM33	TRUE	0.0218666666666644	0.0218666666666644	NA	1	FALSE
FST	TRUE	0.0215099999999979	0.0215099999999979	NA	1	FALSE
SERTAD2	TRUE	0.0199883333333324	0.0199883333333324	NA	1	FALSE
MEDAG	TRUE	0.0184750000000016	-0.0184750000000016	NA	1	FALSE
SUN1	TRUE	0.0162633333333321	0.0162633333333321	NA	1	FALSE
FRZB	TRUE	0.0140066666666672	-0.0140066666666672	NA	1	FALSE
CACNA2D1	TRUE	0.0129083333333313	0.0129083333333313	NA	1	FALSE
NUDT4P1	TRUE	0.0116383333333335	-0.0116383333333335	NA	1	FALSE
FOXC1	TRUE	0.0107333333333349	-0.0107333333333349	NA	1	FALSE
TRIM47	TRUE	0.0103183333333354	-0.0103183333333354	NA	1	FALSE
WDFY3-AS2	TRUE	0.0100683333333323	0.0100683333333323	NA	1	FALSE
FAM64A	TRUE	0.00822999999999947	0.00822999999999947	NA	1	FALSE
NANOS1	TRUE	0.00806500000000027	-0.00806500000000027	NA	1	FALSE
ECE2	TRUE	0.00752333333333481	-0.00752333333333481	NA	1	FALSE
GNG12	TRUE	0.00670166666666444	0.00670166666666444	NA	1	FALSE
SAPCD2	TRUE	0.00271166666666645	0.00271166666666645	NA	1	FALSE
RPL11	TRUE	0.00258833333333361	-0.00258833333333361	NA	1	FALSE
ATOX1	TRUE	0.0025699999999999	-0.0025699999999999	NA	1	FALSE
QRICH2	TRUE	0.002105000000001	-0.002105000000001	NA	1	FALSE
SLC4A7	TRUE	0.00161666666666435	0.00161666666666435	NA	1	FALSE
ASPN	FALSE	2.74611666666667	2.74611666666667	NA	1	FALSE
OLFML1	FALSE	2.221325	2.221325	NA	1	FALSE
PDGFD	FALSE	2.136705	2.136705	NA	1	TRUE
MMP1	FALSE	1.92585	1.92585	NA	1	FALSE
SPON1	FALSE	1.72061	1.72061	NA	1	FALSE
IGFBP5	FALSE	1.645535	1.645535	NA	1	TRUE
FLG	FALSE	1.61100833333333	-1.61100833333333	NA	1	FALSE
GPC3	FALSE	1.56201	1.56201	NA	1	FALSE
KCNH1	FALSE	1.48317	-1.48317	NA	1	FALSE
IFITM1	FALSE	1.45332	1.45332	NA	1	FALSE
C1R	FALSE	1.449785	1.449785	NA	1	FALSE
AMIGO2	FALSE	1.44346333333333	-1.44346333333333	NA	1	FALSE
SFRP1	FALSE	1.42439666666667	1.42439666666667	NA	1	FALSE
MFAP4	FALSE	1.39346333333333	1.39346333333333	NA	1	FALSE
OMD	FALSE	1.327975	1.327975	NA	1	FALSE
SGCG	FALSE	1.27982166666667	1.27982166666667	NA	1	FALSE
TENM2	FALSE	1.26218333333334	-1.26218333333334	NA	1	TRUE
MX2	FALSE	1.25210333333333	1.25210333333333	NA	1	FALSE
METTL7A	FALSE	1.19191833333333	1.19191833333333	NA	1	FALSE
GFRA1	FALSE	1.13742	-1.13742	NA	1	FALSE
IFIH1	FALSE	1.13551666666667	1.13551666666667	NA	1	FALSE
CSGALNACT1	FALSE	1.121905	1.121905	NA	1	TRUE
EPSTI1	FALSE	1.10085333333333	1.10085333333333	NA	1	TRUE
COL8A1	FALSE	1.08526166666667	-1.08526166666667	NA	1	FALSE
CPA4	FALSE	1.07170833333333	-1.07170833333333	NA	1	FALSE
SPON2	FALSE	1.03847166666667	1.03847166666667	NA	1	FALSE
IL1R1	FALSE	1.01686	1.01686	NA	1	FALSE
PRELP	FALSE	1.01314666666667	1.01314666666667	NA	1	FALSE
MSX2	FALSE	0.991631666666666	0.991631666666666	NA	1	FALSE
MME	FALSE	0.978763333333334	0.978763333333334	NA	1	FALSE
IFIT3	FALSE	0.971049999999999	0.971049999999999	NA	1	FALSE
SLC7A2	FALSE	0.951416666666667	0.951416666666667	NA	1	FALSE
LYPD6B	FALSE	0.942831666666669	-0.942831666666669	NA	1	FALSE
RSAD2	FALSE	0.926163333333333	0.926163333333333	NA	1	FALSE
MEST	FALSE	0.909476666666669	-0.909476666666669	NA	1	FALSE
KCTD16	FALSE	0.903600000000001	-0.903600000000001	NA	1	FALSE
MX1	FALSE	0.895878333333333	0.895878333333333	NA	1	FALSE
MAOA	FALSE	0.882291666666666	0.882291666666666	NA	1	FALSE
HERC6	FALSE	0.877964999999999	0.877964999999999	NA	1	FALSE
LYPD6	FALSE	0.873690000000001	-0.873690000000001	NA	1	FALSE
ITGB8	FALSE	0.863645000000001	-0.863645000000001	NA	1	FALSE
POSTN	FALSE	0.862908333333337	-0.862908333333337	NA	1	FALSE
SEL1L3	FALSE	0.845800000000001	-0.845800000000001	NA	1	FALSE
VEGFC	FALSE	0.840471666666669	-0.840471666666669	NA	1	FALSE
PARP12	FALSE	0.838201666666666	0.838201666666666	NA	1	FALSE
PDE1C	FALSE	0.830966666666668	-0.830966666666668	NA	1	FALSE
PLSCR1	FALSE	0.813519999999999	0.813519999999999	NA	1	FALSE
OAS1	FALSE	0.813111666666665	0.813111666666665	NA	1	FALSE
HMCN1	FALSE	0.810243333333333	-0.810243333333333	NA	1	FALSE
TNS1	FALSE	0.806848333333334	-0.806848333333334	NA	1	FALSE
NR4A3	FALSE	0.805406666666667	0.805406666666667	NA	1	FALSE
PARP9	FALSE	0.801161666666666	0.801161666666666	NA	1	FALSE
FADS2	FALSE	0.772268333333332	0.772268333333332	NA	1	FALSE
TM4SF1	FALSE	0.748961666666666	-0.748961666666666	NA	1	FALSE
ITGA11	FALSE	0.740671666666668	-0.740671666666668	NA	1	FALSE
IFIT2	FALSE	0.733433333333332	0.733433333333332	NA	1	FALSE
SULF1	FALSE	0.724865000000001	-0.724865000000001	NA	1	FALSE
LTBP2	FALSE	0.721515000000003	-0.721515000000003	NA	1	FALSE
DUSP5	FALSE	0.710444999999998	0.710444999999998	NA	1	FALSE
LBH	FALSE	0.703336666666667	-0.703336666666667	NA	1	FALSE
ADAM12	FALSE	0.693951666666669	-0.693951666666669	NA	1	FALSE
IFI35	FALSE	0.689978333333332	0.689978333333332	NA	1	FALSE
VCAM1	FALSE	0.685144999999998	0.685144999999998	NA	1	FALSE
RORB	FALSE	0.674653333333333	0.674653333333333	NA	1	FALSE
SLC2A1	FALSE	0.673361666666669	-0.673361666666669	NA	1	FALSE
EPGN	FALSE	0.672973333333334	-0.672973333333334	NA	1	FALSE
ICAM1	FALSE	0.669204999999999	0.669204999999999	NA	1	FALSE
IGFBP3	FALSE	0.663788333333335	-0.663788333333335	NA	1	FALSE
ISM1	FALSE	0.656746666666666	0.656746666666666	NA	1	FALSE
DCBLD2	FALSE	0.655136666666668	-0.655136666666668	NA	1	FALSE
SESN3	FALSE	0.633001666666665	0.633001666666665	NA	1	FALSE
PTGS1	FALSE	0.626586666666667	0.626586666666667	NA	1	FALSE
GLDN	FALSE	0.6234	0.6234	NA	1	FALSE
OAS3	FALSE	0.622119999999999	0.622119999999999	NA	1	FALSE
SNCAIP	FALSE	0.615504999999999	0.615504999999999	NA	1	FALSE
GYPC	FALSE	0.611844999999999	0.611844999999999	NA	1	FALSE
OAS2	FALSE	0.594316666666665	0.594316666666665	NA	1	FALSE
SCN8A	FALSE	0.591081666666669	-0.591081666666669	NA	1	FALSE
RGCC	FALSE	0.587353333333333	0.587353333333333	NA	1	TRUE
TFPI2	FALSE	0.585640000000002	-0.585640000000002	NA	1	FALSE
PTGER4	FALSE	0.58458	0.58458	NA	1	FALSE
TNC	FALSE	0.581128333333335	-0.581128333333335	NA	1	FALSE
IFIT1	FALSE	0.580416666666666	0.580416666666666	NA	1	FALSE
SLC44A1	FALSE	0.569393333333331	0.569393333333331	NA	1	FALSE
LAMA2	FALSE	0.554053333333332	0.554053333333332	NA	1	FALSE
STC2	FALSE	0.551563333333336	-0.551563333333336	NA	1	FALSE
FAM20A	FALSE	0.543338333333332	0.543338333333332	NA	1	FALSE
SERPING1	FALSE	0.536196666666665	0.536196666666665	NA	1	FALSE
ANXA3	FALSE	0.531825	0.531825	NA	1	FALSE
ID3	FALSE	0.526905000000002	-0.526905000000002	NA	1	FALSE
SP110	FALSE	0.525259999999999	0.525259999999999	NA	1	FALSE
SERPINB2	FALSE	0.522036666666668	-0.522036666666668	NA	1	TRUE
CEBPB	FALSE	0.514686666666666	0.514686666666666	NA	1	FALSE
SNED1	FALSE	0.512189999999999	0.512189999999999	NA	1	FALSE
TWIST2	FALSE	0.509388333333332	0.509388333333332	NA	1	FALSE
B3GNT5	FALSE	0.507773333333333	0.507773333333333	NA	1	FALSE
DPP4	FALSE	0.504228333333334	-0.504228333333334	NA	1	FALSE
LOXL2	FALSE	0.500415000000002	-0.500415000000002	NA	1	TRUE
AEBP1	FALSE	0.499468333333331	0.499468333333331	NA	1	FALSE
EPHB1	FALSE	0.49809	-0.49809	NA	1	FALSE
DDX58	FALSE	0.490326666666665	0.490326666666665	NA	1	FALSE
IFI6	FALSE	0.486264999999998	0.486264999999998	NA	1	FALSE
ADH1B	FALSE	0.48579	0.48579	NA	1	FALSE
BDNF	FALSE	0.472050000000001	-0.472050000000001	NA	1	FALSE
ABCA6	FALSE	0.450825	0.450825	NA	1	FALSE
APOD	FALSE	0.446894999999999	0.446894999999999	NA	1	FALSE
HERC3	FALSE	0.445108333333335	-0.445108333333335	NA	1	FALSE
SMOX	FALSE	0.442358333333333	0.442358333333333	NA	1	FALSE
ANGPT1	FALSE	0.441311666666666	0.441311666666666	NA	1	FALSE
C1QTNF1	FALSE	0.437309999999999	0.437309999999999	NA	1	FALSE
CPM	FALSE	0.43391	0.43391	NA	1	FALSE
HS3ST3B1	FALSE	0.433809999999999	0.433809999999999	NA	1	FALSE
NRG1	FALSE	0.431011666666668	-0.431011666666668	NA	1	FALSE
CYTL1	FALSE	0.429125	0.429125	NA	1	FALSE
IFI44L	FALSE	0.424631666666667	0.424631666666667	NA	1	FALSE
FLNB	FALSE	0.413788333333335	-0.413788333333335	NA	1	FALSE
CMKLR1	FALSE	0.404428333333333	0.404428333333333	NA	1	FALSE
CLU	FALSE	0.403183333333333	0.403183333333333	NA	1	FALSE
MYLK	FALSE	0.402638333333335	-0.402638333333335	NA	1	FALSE
HIP1	FALSE	0.400403333333335	-0.400403333333335	NA	1	FALSE
DIO3	FALSE	0.392004999999999	0.392004999999999	NA	1	FALSE
EFNB2	FALSE	0.391570000000001	-0.391570000000001	NA	1	FALSE
WNT2	FALSE	0.385031666666666	0.385031666666666	NA	1	FALSE
DNASE1L1	FALSE	0.380126666666668	-0.380126666666668	NA	1	FALSE
CRABP2	FALSE	0.379089999999999	0.379089999999999	NA	1	FALSE
SLC4A4	FALSE	0.370283333333335	-0.370283333333335	NA	1	FALSE
TLR4	FALSE	0.366523333333333	0.366523333333333	NA	1	TRUE
CRIM1	FALSE	0.366340000000003	-0.366340000000003	NA	1	FALSE
CHST15	FALSE	0.363266666666666	0.363266666666666	NA	1	TRUE
MYO1B	FALSE	0.360973333333335	-0.360973333333335	NA	1	FALSE
GPM6B	FALSE	0.360308333333333	0.360308333333333	NA	1	FALSE
MAMLD1	FALSE	0.358515000000001	-0.358515000000001	NA	1	TRUE
UACA	FALSE	0.358431666666668	-0.358431666666668	NA	1	FALSE
F10	FALSE	0.355801666666666	0.355801666666666	NA	1	TRUE
FMN2	FALSE	0.353263333333335	-0.353263333333335	NA	1	FALSE
CDH6	FALSE	0.342725000000002	-0.342725000000002	NA	1	FALSE
PLCB4	FALSE	0.341191666666667	-0.341191666666667	NA	1	TRUE
CORIN	FALSE	0.337736666666667	0.337736666666667	NA	1	FALSE
COL12A1	FALSE	0.334358333333336	-0.334358333333336	NA	1	FALSE
PMP22	FALSE	0.331268333333332	0.331268333333332	NA	1	TRUE
CYGB	FALSE	0.330578333333333	0.330578333333333	NA	1	FALSE
SCG2	FALSE	0.321713333333333	0.321713333333333	NA	1	FALSE
TYMP	FALSE	0.321075	0.321075	NA	1	FALSE
RPL10A	FALSE	0.311236666666666	0.311236666666666	NA	1	FALSE
ENPP2	FALSE	0.306224999999999	0.306224999999999	NA	1	FALSE
FBL	FALSE	0.305651666666665	0.305651666666665	NA	1	FALSE
TGFBI	FALSE	0.304693333333334	-0.304693333333334	NA	1	FALSE
RAB3B	FALSE	0.290063333333334	-0.290063333333334	NA	1	FALSE
IER3	FALSE	0.284143333333336	-0.284143333333336	NA	1	FALSE
GABARAPL1	FALSE	0.281763333333332	0.281763333333332	NA	1	FALSE
ATP13A3	FALSE	0.281735000000002	-0.281735000000002	NA	1	FALSE
STC1	FALSE	0.278881666666666	0.278881666666666	NA	1	FALSE
RPL28	FALSE	0.275356666666667	0.275356666666667	NA	1	FALSE
IFI30	FALSE	0.274373333333335	-0.274373333333335	NA	1	FALSE
A2M	FALSE	0.27371	0.27371	NA	1	FALSE
AFAP1	FALSE	0.272479999999999	0.272479999999999	NA	1	FALSE
KLF9	FALSE	0.269166666666665	0.269166666666665	NA	1	FALSE
CEP170	FALSE	0.266513333333335	-0.266513333333335	NA	1	FALSE
MEGF6	FALSE	0.265920000000002	-0.265920000000002	NA	1	FALSE
IGFBP2	FALSE	0.264630000000001	-0.264630000000001	NA	1	FALSE
APOL2	FALSE	0.261688333333333	0.261688333333333	NA	1	FALSE
PDK3	FALSE	0.261314999999999	0.261314999999999	NA	1	FALSE
CACHD1	FALSE	0.256890000000001	-0.256890000000001	NA	1	FALSE
ANP32E	FALSE	0.252690000000001	-0.252690000000001	NA	1	FALSE
IL7R	FALSE	0.252131666666668	-0.252131666666668	NA	1	FALSE
CALB2	FALSE	0.247048333333334	-0.247048333333334	NA	1	FALSE
LEF1	FALSE	0.244576666666665	0.244576666666665	NA	1	FALSE
PCDH9	FALSE	0.239974999999999	0.239974999999999	NA	1	FALSE
ATP8B1	FALSE	0.238910000000001	-0.238910000000001	NA	1	FALSE
FBLN5	FALSE	0.238449999999999	0.238449999999999	NA	1	FALSE
PER1	FALSE	0.236948333333332	0.236948333333332	NA	1	FALSE
CFH	FALSE	0.235484999999998	0.235484999999998	NA	1	FALSE
ENAH	FALSE	0.230783333333337	-0.230783333333337	NA	1	FALSE
GREB1L	FALSE	0.229996666666667	-0.229996666666667	NA	1	FALSE
FBN1	FALSE	0.229023333333335	-0.229023333333335	NA	1	FALSE
MRPS2	FALSE	0.227218333333332	0.227218333333332	NA	1	FALSE
FRMD4B	FALSE	0.227186666666666	0.227186666666666	NA	1	FALSE
PTCHD4	FALSE	0.219528333333335	-0.219528333333335	NA	1	FALSE
OASL	FALSE	0.217579999999999	0.217579999999999	NA	1	FALSE
HSPE1	FALSE	0.216359999999999	0.216359999999999	NA	1	FALSE
HPCAL1	FALSE	0.207836666666667	-0.207836666666667	NA	1	FALSE
SPOCK1	FALSE	0.20531666666667	-0.20531666666667	NA	1	FALSE
CMPK2	FALSE	0.20207	0.20207	NA	1	FALSE
KLF15	FALSE	0.20202	0.20202	NA	1	FALSE
RAPH1	FALSE	0.201440000000001	-0.201440000000001	NA	1	FALSE
SMURF2	FALSE	0.196176666666666	-0.196176666666666	NA	1	FALSE
ITIH5	FALSE	0.190536666666667	-0.190536666666667	NA	1	FALSE
EPHB6	FALSE	0.189048333333333	0.189048333333333	NA	1	FALSE
SSPN	FALSE	0.188458333333333	0.188458333333333	NA	1	TRUE
AXIN2	FALSE	0.187193333333333	0.187193333333333	NA	1	FALSE
TIMP1	FALSE	0.186478333333331	0.186478333333331	NA	1	FALSE
DAAM2	FALSE	0.184760000000002	-0.184760000000002	NA	1	FALSE
RAB13	FALSE	0.181759999999998	0.181759999999998	NA	1	TRUE
AFAP1-AS1	FALSE	0.169261666666667	-0.169261666666667	NA	1	FALSE
RPS3	FALSE	0.168499999999999	0.168499999999999	NA	1	FALSE
KLHL41	FALSE	0.168483333333333	0.168483333333333	NA	1	FALSE
PDGFC	FALSE	0.167478333333337	-0.167478333333337	NA	1	FALSE
ADM	FALSE	0.166444999999998	0.166444999999998	NA	1	FALSE
C1GALT1	FALSE	0.166080000000002	-0.166080000000002	NA	1	FALSE
OSBPL8	FALSE	0.163286666666669	-0.163286666666669	NA	1	FALSE
FAM171B	FALSE	0.162511666666669	-0.162511666666669	NA	1	FALSE
MBNL1	FALSE	0.161971666666667	-0.161971666666667	NA	1	FALSE
RPL38	FALSE	0.161913333333331	0.161913333333331	NA	1	FALSE
SRPX	FALSE	0.160761666666665	0.160761666666665	NA	1	FALSE
VAT1L	FALSE	0.160123333333333	0.160123333333333	NA	1	FALSE
DLX5	FALSE	0.157863333333332	0.157863333333332	NA	1	FALSE
SLC3A2	FALSE	0.156674999999999	0.156674999999999	NA	1	FALSE
KRTAP1-5	FALSE	0.156171666666668	-0.156171666666668	NA	1	FALSE
ANPEP	FALSE	0.156038333333335	-0.156038333333335	NA	1	FALSE
PERP	FALSE	0.15169	0.15169	NA	1	FALSE
C6orf48	FALSE	0.144251666666666	0.144251666666666	NA	1	FALSE
GPX3	FALSE	0.142299999999999	0.142299999999999	NA	1	FALSE
SSC5D	FALSE	0.140393333333335	-0.140393333333335	NA	1	FALSE
RCAN2	FALSE	0.139556666666666	0.139556666666666	NA	1	FALSE
LDLRAD3	FALSE	0.137809999999998	0.137809999999998	NA	1	FALSE
ABI3BP	FALSE	0.131551666666665	0.131551666666665	NA	1	FALSE
MLKL	FALSE	0.129574999999999	0.129574999999999	NA	1	FALSE
TMEM106B	FALSE	0.128040000000001	-0.128040000000001	NA	1	FALSE
CCDC3	FALSE	0.127493333333333	0.127493333333333	NA	1	FALSE
RASA1	FALSE	0.126871666666669	-0.126871666666669	NA	1	FALSE
PLAG1	FALSE	0.126654999999999	0.126654999999999	NA	1	TRUE
KCNJ15	FALSE	0.124913333333332	0.124913333333332	NA	1	FALSE
NEK10	FALSE	0.124048333333334	-0.124048333333334	NA	1	FALSE
GLRX	FALSE	0.117593333333332	0.117593333333332	NA	1	FALSE
C5AR2	FALSE	0.117323333333333	0.117323333333333	NA	1	FALSE
E2F7	FALSE	0.114301666666668	-0.114301666666668	NA	1	FALSE
BEGAIN	FALSE	0.113821666666666	0.113821666666666	NA	1	FALSE
PSPH	FALSE	0.113303333333334	-0.113303333333334	NA	1	FALSE
ARID5A	FALSE	0.108454999999999	0.108454999999999	NA	1	FALSE
CST3	FALSE	0.108418333333332	0.108418333333332	NA	1	FALSE
ISG15	FALSE	0.107873333333333	0.107873333333333	NA	1	FALSE
ADAMTSL4	FALSE	0.107379999999999	0.107379999999999	NA	1	FALSE
SLC24A3	FALSE	0.103610000000001	-0.103610000000001	NA	1	FALSE
EPS8	FALSE	0.103545	0.103545	NA	1	TRUE
MT2A	FALSE	0.100965	0.100965	NA	1	FALSE
FKBP5	FALSE	0.100521666666666	0.100521666666666	NA	1	FALSE
TMEM100	FALSE	0.100348333333333	0.100348333333333	NA	1	TRUE
MMP19	FALSE	0.0981033333333316	0.0981033333333316	NA	1	FALSE
VEGFA	FALSE	0.0980983333333324	-0.0980983333333324	NA	1	FALSE
HELZ2	FALSE	0.0961199999999984	0.0961199999999984	NA	1	FALSE
EPG5	FALSE	0.0955550000000016	-0.0955550000000016	NA	1	TRUE
CLDN11	FALSE	0.09446	0.09446	NA	1	FALSE
RPL37A	FALSE	0.0943733333333328	0.0943733333333328	NA	1	FALSE
PSG4	FALSE	0.0921966666666672	-0.0921966666666672	NA	1	FALSE
NRROS	FALSE	0.0917216666666655	0.0917216666666655	NA	1	FALSE
WNT16	FALSE	0.0905433333333329	0.0905433333333329	NA	1	FALSE
RPS20	FALSE	0.0903933333333319	0.0903933333333319	NA	1	FALSE
UXT	FALSE	0.0894399999999989	0.0894399999999989	NA	1	FALSE
CDC42EP2	FALSE	0.0877983333333344	-0.0877983333333344	NA	1	FALSE
ARRDC2	FALSE	0.0869966666666657	0.0869966666666657	NA	1	FALSE
C11orf96	FALSE	0.0867433333333337	0.0867433333333337	NA	1	FALSE
ADRA1D	FALSE	0.0857650000000004	-0.0857650000000004	NA	1	FALSE
DHRS2	FALSE	0.0855700000000002	0.0855700000000002	NA	1	FALSE
NAV3	FALSE	0.0846383333333349	-0.0846383333333349	NA	1	FALSE
DDIT4	FALSE	0.0836749999999985	0.0836749999999985	NA	1	FALSE
IL11	FALSE	0.083543333333332	0.083543333333332	NA	1	FALSE
PTK2B	FALSE	0.0832966666666657	0.0832966666666657	NA	1	FALSE
CLASP2	FALSE	0.0831966666666677	-0.0831966666666677	NA	1	FALSE
NABP1	FALSE	0.0815816666666674	-0.0815816666666674	NA	1	FALSE
AXL	FALSE	0.0800400000000006	-0.0800400000000006	NA	1	FALSE
CLMP	FALSE	0.079841666666668	-0.079841666666668	NA	1	FALSE
ALDH3A1	FALSE	0.0779483333333342	-0.0779483333333342	NA	1	FALSE
RPL10	FALSE	0.0778166666666646	0.0778166666666646	NA	1	FALSE
OPN3	FALSE	0.0758483333333322	0.0758483333333322	NA	1	TRUE
ARHGAP33	FALSE	0.0754183333333334	-0.0754183333333334	NA	1	FALSE
RASD1	FALSE	0.0729916666666656	0.0729916666666656	NA	1	FALSE
MGP	FALSE	0.0722183333333323	0.0722183333333323	NA	1	FALSE
COL6A1	FALSE	0.0719666666666687	-0.0719666666666687	NA	1	FALSE
ARG2	FALSE	0.0706883333333318	0.0706883333333318	NA	1	FALSE
UHMK1	FALSE	0.065920000000001	-0.065920000000001	NA	1	FALSE
SLITRK1	FALSE	0.0648266666666658	0.0648266666666658	NA	1	FALSE
ALPK2	FALSE	0.0646283333333349	-0.0646283333333349	NA	1	TRUE
STAM2	FALSE	0.0636100000000019	-0.0636100000000019	NA	1	FALSE
PNMAL1	FALSE	0.0631283333333327	0.0631283333333327	NA	1	TRUE
ROBO2	FALSE	0.059773333333333	0.059773333333333	NA	1	FALSE
NSMF	FALSE	0.0591483333333326	0.0591483333333326	NA	1	FALSE
JRK	FALSE	0.0590383333333342	-0.0590383333333342	NA	1	TRUE
POP5	FALSE	0.0584999999999989	0.0584999999999989	NA	1	FALSE
EFEMP1	FALSE	0.058481666666666	0.058481666666666	NA	1	TRUE
MARVELD3	FALSE	0.0582416666666675	-0.0582416666666675	NA	1	FALSE
KIAA1551	FALSE	0.0580233333333335	-0.0580233333333335	NA	1	FALSE
IRF7	FALSE	0.0570116666666659	0.0570116666666659	NA	1	FALSE
MMP10	FALSE	0.0559050000000002	0.0559050000000002	NA	1	FALSE
RPS28	FALSE	0.0536083333333322	0.0536083333333322	NA	1	FALSE
CHRNA1	FALSE	0.0534266666666662	0.0534266666666662	NA	1	FALSE
MYO5A	FALSE	0.0530783333333349	-0.0530783333333349	NA	1	FALSE
IL1RN	FALSE	0.0487499999999992	0.0487499999999992	NA	1	FALSE
TMEM204	FALSE	0.047524999999999	0.047524999999999	NA	1	FALSE
CTSL	FALSE	0.0466666666666652	0.0466666666666652	NA	1	FALSE
COL27A1	FALSE	0.0459183333333332	-0.0459183333333332	NA	1	FALSE
HEG1	FALSE	0.0442666666666698	-0.0442666666666698	NA	1	FALSE
TMEM158	FALSE	0.0426966666666685	-0.0426966666666685	NA	1	FALSE
TIMP4	FALSE	0.0424783333333322	0.0424783333333322	NA	1	FALSE
ELN	FALSE	0.0421400000000021	-0.0421400000000021	NA	1	FALSE
TP53I11	FALSE	0.041356666666667	-0.041356666666667	NA	1	FALSE
MFSD2B	FALSE	0.0397633333333332	0.0397633333333332	NA	1	FALSE
DDIT3	FALSE	0.0394950000000009	-0.0394950000000009	NA	1	FALSE
GPRC5A	FALSE	0.0394016666666681	-0.0394016666666681	NA	1	FALSE
COL6A2	FALSE	0.0374150000000013	-0.0374150000000013	NA	1	FALSE
SYNPO	FALSE	0.036163333333335	-0.036163333333335	NA	1	FALSE
FGF2	FALSE	0.0348666666666688	-0.0348666666666688	NA	1	FALSE
RFTN2	FALSE	0.0336166666666655	0.0336166666666655	NA	1	FALSE
SERF1B	FALSE	0.0329850000000007	-0.0329850000000007	NA	1	FALSE
RPL27	FALSE	0.0329499999999978	0.0329499999999978	NA	1	FALSE
ZC2HC1A	FALSE	0.0318950000000018	-0.0318950000000018	NA	1	FALSE
LIMA1	FALSE	0.0308333333333351	-0.0308333333333351	NA	1	FALSE
CBLN2	FALSE	0.0294733333333334	0.0294733333333334	NA	1	FALSE
S100A16	FALSE	0.0277316666666659	0.0277316666666659	NA	1	FALSE
DNAJB14	FALSE	0.0266166666666688	-0.0266166666666688	NA	1	FALSE
NKD1	FALSE	0.0239249999999992	0.0239249999999992	NA	1	FALSE
CD82	FALSE	0.0237066666666658	0.0237066666666658	NA	1	FALSE
SH3BP4	FALSE	0.0236166666666672	-0.0236166666666672	NA	1	FALSE
NUDT6	FALSE	0.0222383333333349	-0.0222383333333349	NA	1	FALSE
RAMP1	FALSE	0.0217683333333326	0.0217683333333326	NA	1	FALSE
LRRC15	FALSE	0.0204633333333346	-0.0204633333333346	NA	1	FALSE
FRYL	FALSE	0.0181600000000027	-0.0181600000000027	NA	1	FALSE
NDNF	FALSE	0.0136800000000025	-0.0136800000000025	NA	1	FALSE
ADAMTS14	FALSE	0.013128333333334	-0.013128333333334	NA	1	FALSE
DLL1	FALSE	0.0109933333333341	-0.0109933333333341	NA	1	FALSE
NENF	FALSE	0.00598833333333236	0.00598833333333236	NA	1	FALSE
ADPRHL1	FALSE	0.00513666666666596	0.00513666666666596	NA	1	FALSE
CPEB2	FALSE	0.00445000000000127	-0.00445000000000127	NA	1	FALSE
FAM107A	FALSE	0.00365666666666519	0.00365666666666519	NA	1	FALSE
TCEAL7	FALSE	0.00297833333333271	0.00297833333333271	NA	1	FALSE
SYNRG	FALSE	0.00276166666666723	-0.00276166666666723	NA	1	FALSE
EBF1	FALSE	0.00256333333333173	0.00256333333333173	NA	1	FALSE
CHST2	FALSE	0.000845000000000076	0.000845000000000076	NA	1	FALSE
DUSP1	FALSE	0.0006616666666657	0.0006616666666657	NA	1	TRUE
NID2	FALSE	0.000633333333333674	0.000633333333333674	NA	1	FALSE
RGMB-AS1	FALSE	0	NA	NA	0	FALSE
LINC00968	FALSE	0	NA	NA	0	FALSE
PSG5	FALSE	0	NA	NA	0	FALSE
LRRC37A17P	FALSE	0	NA	NA	0	FALSE
GOLGA8B	FALSE	0	NA	NA	0	FALSE
AKAP2	FALSE	0	NA	NA	0	FALSE
ITGA1	FALSE	0	NA	NA	0	FALSE
AHCTF1	FALSE	0	NA	NA	0	FALSE
KRTAP1-1	FALSE	0	NA	NA	0	FALSE
PKD1P1	FALSE	0	NA	NA	0	FALSE
RP11-173B14.5	FALSE	0	NA	NA	0	FALSE
KIAA1430	FALSE	0	NA	NA	0	FALSE
LINC01085	FALSE	0	NA	NA	0	FALSE
LPHN2	FALSE	0	NA	NA	0	FALSE
BDNF-AS	FALSE	0	NA	NA	0	FALSE
LINC00856	FALSE	0	NA	NA	0	FALSE
NBL1	FALSE	0	NA	NA	0	FALSE
FABP5	FALSE	0	NA	NA	0	FALSE
SNHG5	FALSE	0	NA	NA	0	FALSE
MAGED4B	FALSE	0	NA	NA	0	FALSE
RPL7AP6	FALSE	0	NA	NA	0	FALSE
PPAP2C	FALSE	0	NA	NA	0	FALSE
RPS2P5	FALSE	0	NA	NA	0	FALSE
INMT	FALSE	0	NA	NA	0	FALSE
FTH1P8	FALSE	0	NA	NA	0	FALSE
RPL3P4	FALSE	0	NA	NA	0	FALSE
CKLF	FALSE	0	NA	NA	0	FALSE
OST4	FALSE	0	NA	NA	0	FALSE
PFN1P1	FALSE	0	NA	NA	0	FALSE
MYEOV2	FALSE	0	NA	NA	0	FALSE
LINC00622	FALSE	0	NA	NA	0	FALSE
FTH1P2	FALSE	0	NA	NA	0	FALSE
C19orf10	FALSE	0	NA	NA	0	FALSE
DFNB31	FALSE	0	NA	NA	0	FALSE
PVRL3	FALSE	0	NA	NA	0	FALSE
FENDRR	FALSE	0	NA	NA	0	FALSE
