gene	direction	loo_fraction	rra_score	padj	coverage	n_topfrac
SIPA1L2	down	1	8.35485336664001e-09	8.35485336664001e-09	5	4
RGMB	down	1	2.29542032571395e-08	2.29542032571395e-08	5	5
ELN	down	1	4.86258725988077e-08	4.86258725988077e-08	5	4
WNT5A	down	1	4.97215018286846e-08	4.97215018286846e-08	5	5
ALPK2	down	1	5.72527475934316e-08	5.72527475934316e-08	5	3
NRG1	down	1	1.32671098687208e-07	1.32671098687208e-07	5	3
SERPINB2	down	1	1.97982241315326e-07	1.97982241315326e-07	5	4
GREM2	down	1	6.63694685659608e-07	6.63694685659608e-07	5	3
SH3D19	down	1	1.32559087161075e-06	1.32559087161075e-06	5	3
SEMA6D	down	1	1.36435272549376e-06	1.36435272549376e-06	5	4
CXCL12	down	1	2.44507923111167e-06	2.44507923111167e-06	5	3
ZEB2	down	1	4.53075224627904e-06	4.53075224627904e-06	5	4
LAMA3	down	1	6.26298097972943e-06	6.26298097972943e-06	5	4
KLF12	down	1	6.97455991766098e-06	6.97455991766098e-06	5	4
SMURF2	down	1	7.6241819809552e-06	7.6241819809552e-06	5	3
PSD3	down	1	7.78503123608816e-06	7.78503123608816e-06	5	4
RALGPS2	down	1	8.02425854476925e-06	8.02425854476925e-06	5	4
ANKRD29	down	1	8.62046435897875e-06	8.62046435897875e-06	5	4
PRKCE	down	1	8.88367280523165e-06	8.88367280523165e-06	5	4
ADRA1D	down	1	1.04402631563891e-05	1.04402631563891e-05	5	4
LDB2	down	1	1.05571816238633e-05	1.05571816238633e-05	5	3
IRS1	down	1	1.17378887082117e-05	1.17378887082117e-05	5	3
EPG5	down	1	1.35978641929537e-05	1.35978641929537e-05	5	4
ZNF521	down	1	1.43444448635031e-05	1.43444448635031e-05	5	4
MEST	down	1	1.4963349067892e-05	1.4963349067892e-05	5	3
NR1D2	down	1	1.65556985198592e-05	1.65556985198592e-05	5	4
SH2D4A	down	1	1.70876970612559e-05	1.70876970612559e-05	5	2
DLX2	down	1	1.78641016190051e-05	1.78641016190051e-05	5	4
PDE1C	down	1	2.30768003899085e-05	2.30768003899085e-05	5	3
NPTX1	down	1	2.72561851165748e-05	2.72561851165748e-05	5	2
DOK6	down	1	3.0613220431958e-05	3.0613220431958e-05	5	3
BROX	down	1	3.07378300206382e-05	3.07378300206382e-05	5	4
FRMD6	down	1	3.12782155867679e-05	3.12782155867679e-05	5	3
UFL1	down	1	3.70895568299058e-05	3.70895568299058e-05	5	2
IGF2BP3	down	1	4.04152765651941e-05	4.04152765651941e-05	5	3
SLC7A5	down	1	4.24325663297471e-05	4.24325663297471e-05	5	3
TMOD2	down	1	4.40936560692853e-05	4.40936560692853e-05	5	3
ADAMTS14	down	1	4.53673872697535e-05	4.53673872697535e-05	5	3
UGCG	down	1	5.46679634271257e-05	5.46679634271257e-05	5	2
CIT	down	1	6.20721588804683e-05	6.20721588804683e-05	5	3
FMN2	down	1	6.20721588804683e-05	6.20721588804683e-05	5	3
LIF	down	1	6.47289025088748e-05	6.47289025088748e-05	5	2
ATP8B1	down	1	6.97543243205105e-05	6.97543243205105e-05	5	3
IL7R	down	1	7.20594230149833e-05	7.20594230149833e-05	5	3
LOXL2	down	1	7.32306649459116e-05	7.32306649459116e-05	5	3
SLC14A1	down	1	8.17843782322096e-05	8.17843782322096e-05	5	3
LRRC15	down	1	9.14982625288094e-05	9.14982625288094e-05	5	2
BDKRB1	down	1	9.56986393316205e-05	9.56986393316205e-05	5	3
DNAJC6	down	1	0.000104381355447119	0.000104381355447119	4	3
RAB3B	down	1	0.000108278061859098	0.000108278061859098	5	3
KLF7	down	1	0.000117691265453275	0.000117691265453275	5	3
MYLK	down	1	0.000118110074410022	0.000118110074410022	5	2
TKT	down	1	0.000126782209162746	0.000126782209162746	5	3
GNG12	down	1	0.000127630966536435	0.000127630966536435	5	3
TNS1	down	1	0.000132683948831602	0.000132683948831602	5	2
SLC4A7	down	1	0.000134556803484344	0.000134556803484344	5	3
SAMD9	down	1	0.000142869163594094	0.000142869163594094	5	2
RGMB-AS1	down	1	0.000149145472420576	0.000149145472420576	4	3
SLC1A5	down	1	0.000149145472420576	0.000149145472420576	5	3
AHR	down	1	0.000153429654549126	0.000153429654549126	5	2
MKX	down	1	0.000153910022131969	0.000153910022131969	5	3
NTNG1	down	1	0.000154874856225572	0.000154874856225572	5	3
FGF2	down	1	0.000164365282360646	0.000164365282360646	4	2
FMN1	down	1	0.000169973729052129	0.000169973729052129	5	2
HMOX1	down	1	0.000169973729052129	0.000169973729052129	5	2
TMEM47	down	1	0.00017397454958698	0.00017397454958698	5	3
FAM107B	down	1	0.000176071139451623	0.000176071139451623	5	3
ICK	down	1	0.000185712677328507	0.000185712677328507	5	3
FAM171B	down	1	0.000186805015719881	0.000186805015719881	5	3
KCTD12	down	1	0.000189002421729796	0.000189002421729796	5	3
DLX1	down	1	0.000192330472954645	0.000192330472954645	5	3
NEK10	down	1	0.00020370338889937	0.00020370338889937	5	3
PIEZO2	down	1	0.00022404207042979	0.00022404207042979	5	3
CCBE1	down	1	0.000234060230446367	0.000234060230446367	5	3
LONP1	down	1	0.000239178425625486	0.000239178425625486	5	3
COLEC12	down	1	0.000256322198255183	0.000256322198255183	5	3
PLCB4	down	1	0.000279644113532153	0.000279644113532153	5	3
PLK2	down	1	0.000279644113532153	0.000279644113532153	5	2
SASH1	down	1	0.000294323452102957	0.000294323452102957	5	2
THBS2	down	1	0.000315664669853942	0.000315664669853942	5	3
MYOF	down	1	0.000321896551301803	0.000321896551301803	5	3
ITGB8	down	1	0.00033945174603796	0.00033945174603796	5	3
KCNH1	down	0.8	0.000356775474880015	0.000356775474880015	4	2
DLC1	down	1	0.000365001841263748	0.000365001841263748	5	3
ELFN1	down	1	0.000365001841263748	0.000365001841263748	5	2
FLNB	down	1	0.000379921971136438	0.000379921971136438	5	3
EYA1	down	1	0.000381734292000586	0.000381734292000586	5	2
VEGFC	down	1	0.000401298271020518	0.000401298271020518	5	3
SLFN5	down	1	0.000406763480793682	0.000406763480793682	5	3
SYNJ2	down	1	0.000412277561045335	0.000412277561045335	5	3
CACNA2D1	down	1	0.000417840719834375	0.000417840719834375	5	3
MAMLD1	down	1	0.000423453165094073	0.000423453165094073	5	3
EEA1	down	1	0.000434168137917051	0.000434168137917051	5	2
SCN9A	down	1	0.000436741707387688	0.000436741707387688	5	3
PSPH	down	1	0.000446399965109249	0.000446399965109249	5	3
TXNRD1	down	0.8	0.0004616422294154	0.0004616422294154	5	2
AK5	down	1	0.000462144338682662	0.000462144338682662	5	3
NRP1	down	1	0.000472168043472948	0.000472168043472948	5	3
ARL4C	down	0.8	0.000480423590277171	0.000480423590277171	5	2
KCND3	down	0.8	0.000519102407226928	0.000519102407226928	5	2
PER3	down	1	0.00053533161239751	0.00053533161239751	4	3
SYT11	down	1	0.000541937624458276	0.000541937624458276	5	3
RND3	down	1	0.000544151504392819	0.000544151504392819	5	3
PRKG2	down	1	0.000580388035014158	0.000580388035014158	5	3
TGFBI	down	0.8	0.000590368249642458	0.000590368249642458	5	2
PDGFC	down	1	0.000618179009975247	0.000618179009975247	5	3
CPA4	down	0.8	0.000622303532220336	0.000622303532220336	5	2
KCTD16	down	1	0.000625440388489005	0.000625440388489005	5	3
HMCN1	down	0.8	0.00065507380629692	0.00065507380629692	5	2
ID2	down	1	0.000685562432143085	0.000685562432143085	5	3
LIMA1	down	1	0.000685562432143085	0.000685562432143085	5	3
GULP1	down	1	0.000688146753022006	0.000688146753022006	5	3
HIVEP1	down	1	0.000690737477933134	0.000690737477933134	5	3
RAPH1	down	1	0.000690737477933134	0.000690737477933134	5	3
LYPD6	down	1	0.000695938169889254	0.000695938169889254	5	3
SLC22A15	down	1	0.000722328423368684	0.000722328423368684	5	3
JUN	down	1	0.000743908376601532	0.000743908376601532	5	3
ADCY9	down	1	0.000765908259744446	0.000765908259744446	5	3
IGFBP2	down	0.8	0.000769609652524701	0.000769609652524701	5	1
LINC00968	down	0.8	0.000769609652524701	0.000769609652524701	4	2
SERF1B	down	0.8	0.000769609652524701	0.000769609652524701	5	1
SEMA3A	down	1	0.000791164838928684	0.000791164838928684	5	3
NHSL2	down	1	0.000805430014977837	0.000805430014977837	5	3
PRRX1	down	1	0.000894584508242386	0.000894584508242386	5	3
SMC4	down	1	0.000903840592469007	0.000903840592469007	5	3
KRTAP1-5	down	1	0.000947239604964428	0.000947239604964428	5	3
SCN8A	down	1	0.000951066005911697	0.000951066005911697	5	3
SOCS5	down	1	0.000970400887825178	0.000970400887825178	5	3
NUDT6	down	0.8	0.00101480787320969	0.00101480787320969	5	2
TM4SF20	down	0.8	0.00102859826600961	0.00102859826600961	5	2
NDNF	down	0.8	0.00105645565259328	0.00105645565259328	5	2
SH3BP4	down	1	0.00106749751710441	0.00106749751710441	5	3
TNFSF15	down	0.8	0.00107052261184252	0.00107052261184252	5	2
STEAP2	down	1	0.00107095472332032	0.00107095472332032	5	3
MBNL1	down	0.8	0.00112771181906103	0.00112771181906103	5	2
TNXB	down	1	0.00114888461011619	0.00114888461011619	5	3
CHL1	down	0.8	0.0011715706799267	0.0011715706799267	5	2
NCEH1	down	1	0.00123044740429255	0.00123044740429255	5	3
SHMT2	down	1	0.00131176284018987	0.00131176284018987	5	3
VEGFA	down	1	0.00131968592441449	0.00131968592441449	5	3
HMGN2	down	0.8	0.00133946953913894	0.00133946953913894	5	2
NABP1	down	1	0.00136788435583239	0.00136788435583239	5	3
DCBLD2	down	1	0.00139652590189516	0.00139652590189516	5	3
ROCK2	down	0.8	0.00140328019035039	0.00140328019035039	5	2
TEAD1	down	1	0.00142973738195966	0.00142973738195966	5	3
ALDH3A1	down	0.8	0.00153912453428914	0.00153912453428914	5	1
SMAD9	down	0.8	0.00153912453428914	0.00153912453428914	5	1
SLC39A10	down	1	0.00155888544107278	0.00155888544107278	5	3
FYCO1	down	0.8	0.00158632759197673	0.00158632759197673	5	2
SEL1L3	down	0.8	0.00160351812183491	0.00160351812183491	5	2
SPOCK1	down	0.8	0.00162080021992847	0.00162080021992847	5	2
JRK	down	1	0.00162168101606649	0.00162168101606649	5	3
NCAPG	down	1	0.001690776577813	0.001690776577813	4	3
PSG5	down	1	0.00170482299396313	0.00170482299396313	5	3
NAV3	down	0.8	0.00172641477786059	0.00172641477786059	5	2
EBF3	down	0.8	0.00174433737184945	0.00174433737184945	5	2
HEG1	down	1	0.00191462320331563	0.00191462320331563	5	3
ADAM12	down	0.8	0.00192858915856968	0.00192858915856968	5	2
N4BP3	down	0.8	0.00192858915856968	0.00192858915856968	5	2
ADD3	down	1	0.00194006044179563	0.00194006044179563	5	3
TOP2A	down	0.8	0.0019475165437758	0.0019475165437758	5	2
SLC35E2B	down	1	0.00198121831592129	0.00198121831592129	5	3
EPS15	down	0.8	0.00206299632628594	0.00206299632628594	5	2
SMAD3	down	0.8	0.00206299632628594	0.00206299632628594	5	2
ATP13A3	down	1	0.00208660227501868	0.00208660227501868	5	3
E2F7	down	1	0.00209196552943591	0.00209196552943591	5	3
CPXM2	down	0.8	0.00230854465404623	0.00230854465404623	5	1
KIT	down	0.8	0.00230854465404623	0.00230854465404623	5	2
LRRC37A17P	down	0.8	0.00230854465404623	0.00230854465404623	4	1
PNPLA3	down	0.8	0.00236604198743465	0.00236604198743465	5	2
CADM1	down	0.8	0.00245031003690444	0.00245031003690444	4	2
TENM2	down	0.8	0.002536031087558	0.002536031087558	5	2
EPGN	down	0.8	0.00266733464187146	0.00266733464187146	5	2
ITGA8	down	0.8	0.00277924706226809	0.00277924706226809	5	2
FER1L6	down	0.8	0.00305706947753633	0.00305706947753633	5	2
GOLGA8B	down	0.8	0.00307787002054834	0.00307787002054834	5	1
ITGA11	down	0.8	0.00307787002054834	0.00307787002054834	5	1
UNC5D	down	0.8	0.00307787002054834	0.00307787002054834	4	1
BDNF	down	0.8	0.00322514275077853	0.00322514275077853	5	2
CPEB2	down	0.8	0.00324951427818091	0.00324951427818091	5	2
DPF3	down	0.8	0.00332317007420629	0.00332317007420629	5	2
EPHB1	down	0.8	0.00332317007420629	0.00332317007420629	5	2
GREB1L	down	0.8	0.00334790235388587	0.00334790235388587	5	2
UTRN	down	0.8	0.00357454736399885	0.00357454736399885	5	2
COL8A1	down	0.8	0.00375586699169896	0.00375586699169896	5	2
PRKAA1	down	0.8	0.00383492382995418	0.00383492382995418	5	2
AKAP2	down	0.8	0.00384710064254734	0.00384710064254734	4	1
AQP1	down	0.8	0.00384710064254734	0.00384710064254734	5	1
GPRC5A	down	0.8	0.00384710064254734	0.00384710064254734	5	1
LAMP5	down	0.8	0.00384710064254734	0.00384710064254734	5	1
SEMA3D	down	0.8	0.00386145577451708	0.00386145577451708	5	2
TNC	down	0.8	0.00396848142395994	0.00396848142395994	5	2
SNTB1	down	0.8	0.00413171163737222	0.00413171163737222	5	2
SAMD9L	down	0.8	0.0045538964514667	0.0045538964514667	5	2
APCDD1	down	0.8	0.0046162365287945	0.0046162365287945	5	1
KIAA1644	down	0.8	0.0046162365287945	0.0046162365287945	5	1
PSG4	down	0.8	0.0046162365287945	0.0046162365287945	5	1
SGMS2	down	0.8	0.00493605892081227	0.00493605892081227	5	2
PLCB1	down	0.8	0.00496608061289547	0.00496608061289547	5	2
STC2	down	0.8	0.00496608061289547	0.00496608061289547	5	2
AXL	down	0.8	0.00508705861782503	0.00508705861782503	5	2
GPNMB	down	0.8	0.00520946178637181	0.00520946178637181	5	2
BEX1	down	0.8	0.0052402851330196	0.0052402851330196	5	2
SLC7A11	down	0.8	0.00533328903228411	0.00533328903228411	5	2
ITGA1	down	0.8	0.00538527768804059	0.00538527768804059	4	1
OSR1	down	0.8	0.00538527768804059	0.00538527768804059	5	1
SULF1	down	0.8	0.00538527768804059	0.00538527768804059	5	1
ARHGAP33	down	0.8	0.00587541696085154	0.00587541696085154	5	2
C1GALT1	down	0.8	0.0059408826544115	0.0059408826544115	5	2
ADAM33	down	0.8	0.00615422412903585	0.00615422412903585	5	1
IL6	down	0.8	0.00615422412903585	0.00615422412903585	5	1
RFX7	down	0.8	0.00664964706295239	0.00664964706295239	5	2
ADAMTS2	down	0.8	0.00668436984587753	0.00668436984587753	5	2
FOXQ1	down	0.8	0.00668436984587753	0.00668436984587753	5	2
PTGS2	down	0.8	0.00692307586052994	0.00692307586052994	5	2
RPAP2	down	0.8	0.00692307586052994	0.00692307586052994	5	1
PFKFB3	down	0.8	0.00703644824273953	0.00703644824273953	5	2
SLC2A1	down	0.8	0.00717974661694844	0.00717974661694844	5	2
CLASP2	down	0.8	0.00754415063905818	0.00754415063905818	5	2
GAS1	down	0.8	0.00769183289127203	0.00769183289127203	5	1
HERC3	down	0.8	0.00769183289127203	0.00769183289127203	5	1
ID1	down	0.8	0.00769183289127203	0.00769183289127203	5	1
KIAA1033	down	0.8	0.00784199898342921	0.00784199898342921	5	2
EPHA5	down	0.8	0.00837673464759318	0.00837673464759318	5	2
TFPI2	down	0.8	0.00841558660318925	0.00841558660318925	5	2
DPP4	down	0.8	0.00846049523001071	0.00846049523001071	5	1
NEDD4	down	0.8	0.00846049523001071	0.00846049523001071	5	2
SOD3	down	0.8	0.00846049523001071	0.00846049523001071	5	1
FBLN2	down	0.8	0.00922906288549404	0.00922906288549404	5	1
ID3	down	0.8	0.00922906288549404	0.00922906288549404	5	1
PYGO1	down	0.8	0.00933328385547632	0.00933328385547632	5	2
TRIM33	down	0.8	0.00999753586646958	0.00999753586646958	5	1
PLA2G4A	down	0.8	0.00999885810923594	0.00999885810923594	5	2
TRIM16L	down	0.8	0.0105126242007216	0.0105126242007216	5	2
COL12A1	down	0.8	0.0105560013048603	0.0105560013048603	5	2
KAT6A	down	0.8	0.0107659141816843	0.0107659141816843	5	1
KCNJ2	down	0.8	0.0107659141816843	0.0107659141816843	5	1
LTK	down	0.8	0.0107659141816843	0.0107659141816843	5	1
MYO1B	down	0.8	0.0109061335302225	0.0109061335302225	5	2
MYO5A	down	0.8	0.0109502892314113	0.0109502892314113	5	2
CEP170	down	0.8	0.0112617981627691	0.0112617981627691	5	2
FST	down	0.8	0.0115341978398846	0.0115341978398846	5	1
SSC5D	down	0.8	0.0115341978398846	0.0115341978398846	5	1
IFI30	down	0.8	0.0118515307164189	0.0118515307164189	4	2
PTGIS	down	0.8	0.0123023868498165	0.0123023868498165	5	1
IGFBP3	down	0.8	0.0125028978269724	0.0125028978269724	5	2
LYPD6B	down	0.8	0.0125500685363062	0.0125500685363062	5	2
GALNT3	down	0.8	0.0125973250883172	0.0125973250883172	5	2
CACNA2D3	down	0.8	0.012930523147273	0.012930523147273	5	2
HPCAL1	down	0.8	0.0130704812202253	0.0130704812202253	5	2
PTGFR	down	0.8	0.0130704812202253	0.0130704812202253	5	2
SLIT2	down	0.8	0.0130746082890482	0.0130746082890482	5	2
UHMK1	down	0.8	0.0135604574304435	0.0135604574304435	5	2
FRYL	down	0.8	0.0138065890265385	0.0138065890265385	5	2
CEP350	down	0.8	0.0138384809598559	0.0138384809598559	5	2
HSPA12A	down	0.8	0.0138384809598559	0.0138384809598559	5	1
KYNU	down	0.8	0.0145577869688384	0.0145577869688384	5	2
IFI27	down	0.8	0.0146063860774525	0.0146063860774525	5	1
GFRA1	down	0.8	0.0150692341221584	0.0150692341221584	5	2
DPYD	down	0.8	0.015374196581759	0.015374196581759	5	1
MMP3	down	0.8	0.015374196581759	0.015374196581759	5	1
MYO1D	down	0.8	0.015374196581759	0.015374196581759	5	1
OSBP2	down	0.8	0.015374196581759	0.015374196581759	5	1
AMIGO2	down	0.8	0.0161419124815184	0.0161419124815184	5	1
HEPH	down	0.8	0.0161419124815184	0.0161419124815184	5	1
HIP1	down	0.8	0.0161419124815184	0.0161419124815184	5	1
KIF20A	down	0.8	0.0161419124815184	0.0161419124815184	5	1
DNAJB14	down	0.8	0.0161709190740269	0.0161709190740269	5	2
PBX1	down	0.8	0.0164387327785492	0.0164387327785492	5	2
RASA1	down	0.8	0.0164387327785492	0.0164387327785492	5	2
ITIH5	down	0.8	0.0167628996443932	0.0167628996443932	5	2
MARVELD3	down	0.8	0.0169095337854736	0.0169095337854736	4	1
SERTAD2	down	0.8	0.017035361623086	0.017035361623086	5	2
ANKRD50	down	0.8	0.0171449372026292	0.0171449372026292	5	2
EPHB2	down	0.8	0.017365100413907	0.017365100413907	5	2
IL6ST	down	0.8	0.0174756877812324	0.0174756877812324	5	2
SYNPO	down	0.8	0.0176770605023666	0.0176770605023666	5	1
PARP14	down	0.8	0.0184444926409391	0.0184444926409391	5	1
NQO1	down	0.8	0.0191170080007328	0.0191170080007328	5	2
AHRR	down	0.8	0.0192118302099321	0.0192118302099321	5	1
DAAM2	down	0.8	0.0192118302099321	0.0192118302099321	5	1
DDIT3	down	0.8	0.0192118302099321	0.0192118302099321	5	1
PLEKHG4	down	0.8	0.0196407269043381	0.0196407269043381	5	2
ANKRD12	down	0.8	0.0197580291580469	0.0197580291580469	5	2
C10orf12	down	0.8	0.0199790732180861	0.0199790732180861	4	1
COL27A1	down	0.8	0.0199790732180861	0.0199790732180861	5	1
NPC1	down	0.8	0.0199790732180861	0.0199790732180861	5	1
SAPCD2	down	0.8	0.0199790732180861	0.0199790732180861	5	1
UACA	down	0.8	0.0201119415537548	0.0201119415537548	5	2
PTPN13	down	0.8	0.0201712192686704	0.0201712192686704	5	2
PLXNC1	down	0.8	0.0204688596377366	0.0204688596377366	5	2
CRIM1	down	0.8	0.0205884996492266	0.0205884996492266	5	2
DLL1	down	0.8	0.0207462216741412	0.0207462216741412	5	1
RBM41	down	0.8	0.0207462216741412	0.0207462216741412	5	1
TM4SF1	down	0.8	0.0207462216741412	0.0207462216741412	5	1
ANPEP	down	0.8	0.0215132755868368	0.0215132755868368	5	1
SYNRG	down	0.8	0.0215576125145191	0.0215576125145191	4	2
NCOA2	down	0.8	0.0221741149434528	0.0221741149434528	5	2
CEPT1	down	0.8	0.0222802349649117	0.0222802349649117	5	1
POSTN	down	0.8	0.0222802349649117	0.0222802349649117	5	1
TRAM2	down	0.8	0.0222802349649117	0.0222802349649117	5	2
AHCTF1	down	0.8	0.0230470998171044	0.0230470998171044	5	1
CDH6	down	0.8	0.0230470998171044	0.0230470998171044	5	1
COL6A1	down	0.8	0.0230470998171044	0.0230470998171044	5	1
CENPF	down	0.8	0.0231777620902714	0.0231777620902714	5	2
FBN1	down	0.8	0.0238138701521528	0.0238138701521528	5	1
LTBP1	down	0.8	0.0238138701521528	0.0238138701521528	5	2
LTBP4	down	0.8	0.024580545978794	0.024580545978794	5	1
PIKFYVE	down	0.8	0.024580545978794	0.024580545978794	5	1
SOCS2	down	0.8	0.024580545978794	0.024580545978794	5	1
KRTAP1-1	down	0.8	0.0253471273057648	0.0253471273057648	4	1
PKD1P1	down	0.8	0.0253471273057648	0.0253471273057648	4	1
SLC24A3	down	0.8	0.0253471273057648	0.0253471273057648	5	1
ATP2B4	down	0.8	0.0253806992103016	0.0253806992103016	5	2
MEGF6	down	0.8	0.0261136141418016	0.0261136141418016	5	2
TMEM106B	down	0.8	0.0261136141418016	0.0261136141418016	5	2
MTSS1L	down	0.8	0.0261137686952819	0.0261137686952819	5	2
EFNB2	down	0.8	0.0268800064956398	0.0268800064956398	5	1
IKZF5	down	0.8	0.0268800064956398	0.0268800064956398	5	1
PTTG1	down	0.8	0.0268800064956398	0.0268800064956398	4	1
CEP135	down	0.8	0.0276463043760148	0.0276463043760148	5	2
SLC4A4	down	0.8	0.0276463043760148	0.0276463043760148	5	2
TMEM119	down	0.8	0.0276463043760148	0.0276463043760148	5	1
ENAH	down	0.8	0.0276785618420861	0.0276785618420861	5	2
RP11-173B14.5	down	0.8	0.0284125077916611	0.0284125077916611	4	1
MIR146A	down	0.8	0.0291786167513127	0.0291786167513127	4	1
SAMD5	down	0.8	0.0293573871657712	0.0293573871657712	5	2
FLG	down	0.8	0.0294994028357447	0.0294994028357447	4	2
KIAA1430	down	0.8	0.0298558616639836	0.0298558616639836	4	2
ADRA2A	down	0.8	0.0299446312637032	0.0299446312637032	5	1
HSPG2	down	0.8	0.0299446312637032	0.0299446312637032	4	1
OSBPL8	down	0.8	0.0299446312637032	0.0299446312637032	5	1
PTCHD4	down	0.8	0.0299446312637032	0.0299446312637032	5	1
SYTL2	down	0.8	0.0307105513375655	0.0307105513375655	5	1
TP53I11	down	0.8	0.0307196269287041	0.0307196269287041	5	2
FTO	down	0.8	0.0314763769816322	0.0314763769816322	5	1
CACHD1	down	0.8	0.0321110585160884	0.0321110585160884	5	2
LINC01085	down	0.8	0.0321850982910589	0.0321850982910589	4	2
CALB2	down	0.8	0.0322421082046351	0.0322421082046351	4	1
TSPAN9	down	0.8	0.0322421082046351	0.0322421082046351	5	1
DNASE1L1	down	0.8	0.0330077450153057	0.0330077450153057	4	1
RBPJ	down	0.8	0.0330077450153057	0.0330077450153057	5	1
LPHN2	down	0.8	0.0345387354345723	0.0345387354345723	4	1
CDC42EP2	down	0.8	0.0353040890606285	0.0353040890606285	4	1
DOK5	down	0.8	0.0353040890606285	0.0353040890606285	5	1
SEMA3F	down	0.8	0.0353040890606285	0.0353040890606285	5	1
BDNF-AS	down	0.8	0.0360693483092723	0.0360693483092723	4	1
COL6A2	down	0.8	0.0360693483092723	0.0360693483092723	5	1
ZKSCAN8	down	0.8	0.0360693483092723	0.0360693483092723	5	1
HIPK3	down	0.8	0.0366954487705857	0.0366954487705857	5	2
LINC00856	down	0.8	0.0368345131892326	0.0368345131892326	4	1
NBL1	down	0.8	0.0368345131892326	0.0368345131892326	5	1
FOXF2	down	0.8	0.0368532156039667	0.0368532156039667	5	2
SUN1	down	0.8	0.0370904624921134	0.0370904624921134	5	2
EGR1	down	0.8	0.0375995837092374	0.0375995837092374	5	1
NAPEPLD	down	0.8	0.0375995837092374	0.0375995837092374	5	1
ZSCAN31	down	0.8	0.0375995837092374	0.0375995837092374	5	1
IKZF2	down	0.8	0.0383645598780144	0.0383645598780144	5	1
LTBP2	down	0.8	0.0383645598780144	0.0383645598780144	5	1
ATM	down	0.8	0.0391294417042905	0.0391294417042905	5	1
NOV	down	0.8	0.0391294417042905	0.0391294417042905	5	1
FAM64A	down	0.8	0.0398942291967924	0.0398942291967924	5	1
WDFY3-AS2	down	0.8	0.0398942291967924	0.0398942291967924	5	1
PCMTD1	down	0.8	0.0406520689664206	0.0406520689664206	5	2
EHF	down	0.8	0.040658922364246	0.040658922364246	5	1
KIAA1551	down	0.8	0.040658922364246	0.040658922364246	5	1
NMT2	down	0.8	0.040658922364246	0.040658922364246	5	1
MCF2L	down	0.8	0.0414235212153768	0.0414235212153768	4	1
STAM2	down	0.8	0.0414235212153768	0.0414235212153768	5	1
NEU1	down	0.8	0.0421880257589097	0.0421880257589097	5	1
PLK1	down	0.8	0.0421880257589097	0.0421880257589097	5	1
MED13L	down	0.8	0.0429524360035691	0.0429524360035691	5	1
SULF2	down	0.8	0.0429524360035691	0.0429524360035691	5	1
ZC2HC1A	down	0.8	0.0432530726249574	0.0432530726249574	5	2
HMGA1	down	0.8	0.0437167519580788	0.0437167519580788	5	1
KREMEN1	down	0.8	0.0437167519580788	0.0437167519580788	5	1
ACPP	down	0.8	0.044480973631162	0.044480973631162	4	1
GALM	down	0.8	0.044480973631162	0.044480973631162	5	1
SLC47A1	down	0.8	0.044480973631162	0.044480973631162	5	1
CXCL1	down	0.8	0.0452451010315417	0.0452451010315417	4	1
ATP2A3	down	0.8	0.0460091341679399	0.0460091341679399	5	1
EVC	down	0.8	0.0460091341679399	0.0460091341679399	5	1
NTSR1	down	0.8	0.0460091341679399	0.0460091341679399	4	1
ASPM	down	0.8	0.0467730730490784	0.0467730730490784	5	1
LBH	down	0.8	0.0467730730490784	0.0467730730490784	5	1
CLMP	down	0.8	0.0475369176836783	0.0475369176836783	5	1
VSTM4	down	0.8	0.0475369176836783	0.0475369176836783	5	1
ANP32E	down	0.8	0.0483006680804603	0.0483006680804603	5	1
IER3	down	0.8	0.0483006680804603	0.0483006680804603	5	1
TMEM171	down	0.8	0.0483006680804603	0.0483006680804603	5	1
AFAP1-AS1	down	0.8	0.0490643242481443	0.0490643242481443	4	1
CLSTN2	down	0.8	0.0490643242481443	0.0490643242481443	5	1
ITPR3	down	0.8	0.0490643242481443	0.0490643242481443	5	1
TMEM158	down	0.8	0.0490643242481443	0.0490643242481443	5	1
P4HA3	up	1	1.46170451304162e-08	1.46170451304162e-08	5	5
TRNP1	up	1	1.16813010255972e-07	1.16813010255972e-07	5	4
CRYAB	up	1	2.16628641461185e-07	2.16628641461185e-07	5	4
TSC22D3	up	1	5.46881457435551e-07	5.46881457435551e-07	5	4
CORIN	up	1	1.18437922448231e-06	1.18437922448231e-06	5	2
PLAT	up	1	1.1977623990251e-06	1.1977623990251e-06	5	4
ANGPTL4	up	1	1.5002375377968e-06	1.5002375377968e-06	5	4
DUSP1	up	1	2.62782741064504e-06	2.62782741064504e-06	5	4
CFH	up	1	3.26005272474557e-06	3.26005272474557e-06	5	3
NT5DC3	up	1	5.7339874455683e-06	5.7339874455683e-06	5	4
RGCC	up	1	5.99412189601691e-06	5.99412189601691e-06	5	4
PLXDC2	up	1	7.11168960753529e-06	7.11168960753529e-06	5	3
ANKRD1	up	1	7.4938319392838e-06	7.4938319392838e-06	4	3
C5AR2	up	1	8.86579290043111e-06	8.86579290043111e-06	5	3
PER1	up	1	1.19134015608918e-05	1.19134015608918e-05	5	3
IGFBP5	up	1	1.36813096668695e-05	1.36813096668695e-05	5	2
MMP19	up	1	1.39053190651833e-05	1.39053190651833e-05	5	4
RHOD	up	1	1.4963349067892e-05	1.4963349067892e-05	5	3
ADARB1	up	1	1.82408671227598e-05	1.82408671227598e-05	5	4
PARM1	up	1	2.0871873113243e-05	2.0871873113243e-05	5	2
CYGB	up	1	2.19993409155228e-05	2.19993409155228e-05	5	3
STC1	up	1	2.65181816485823e-05	2.65181816485823e-05	5	3
EPSTI1	up	1	2.96334301740525e-05	2.96334301740525e-05	5	3
SLC7A2	up	1	3.54704071609743e-05	3.54704071609743e-05	5	3
TIMP4	up	1	4.54546911063744e-05	4.54546911063744e-05	5	2
COL3A1	up	1	5.02462471782567e-05	5.02462471782567e-05	5	3
SPRY1	up	1	6.31334031055886e-05	6.31334031055886e-05	5	3
EDNRB	up	1	6.69423742656287e-05	6.69423742656287e-05	5	3
EFHD1	up	1	6.82708378232591e-05	6.82708378232591e-05	5	2
PDGFD	up	1	6.91857905848782e-05	6.91857905848782e-05	5	3
OMD	up	1	7.98985548118021e-05	7.98985548118021e-05	5	3
CD82	up	1	9.0975340098456e-05	9.0975340098456e-05	5	3
C11orf96	up	1	9.56986393316205e-05	9.56986393316205e-05	5	2
TMEM204	up	1	0.000118499272516072	0.000118499272516072	5	3
ISG20	up	1	0.00014810250825665	0.00014810250825665	5	2
PCDH9	up	1	0.000166766633444618	0.000166766633444618	5	3
FABP5	up	1	0.000169973729052129	0.000169973729052129	4	3
DUSP5	up	1	0.000208374175394474	0.000208374175394474	5	3
AK4	up	1	0.000211856376353865	0.000211856376353865	5	2
GCNT1	up	1	0.000231210582504672	0.000231210582504672	5	3
PRELP	up	1	0.000231210582504672	0.000231210582504672	5	2
FADS2	up	1	0.0002366101825493	0.0002366101825493	5	3
PMEPA1	up	1	0.0002366101825493	0.0002366101825493	5	3
LYPD3	up	1	0.000239178425625486	0.000239178425625486	5	3
MFAP4	up	1	0.000249635567750365	0.000249635567750365	5	3
GADD45B	up	1	0.000252296210539869	0.000252296210539869	5	3
CNTN3	up	1	0.000260390402799326	0.000260390402799326	5	3
RASD1	up	1	0.000265338519876551	0.000265338519876551	5	3
AFF2	up	1	0.000279644113532153	0.000279644113532153	5	2
TLR4	up	1	0.000282809237626724	0.000282809237626724	5	3
MEDAG	up	1	0.000291534000231748	0.000291534000231748	5	3
GALNT10	up	1	0.000294481264408365	0.000294481264408365	5	3
SCG2	up	1	0.000294481264408365	0.000294481264408365	5	3
C1R	up	1	0.000298938947482796	0.000298938947482796	5	3
PPP1R13L	up	1	0.000301935351873977	0.000301935351873977	5	3
OPN3	up	1	0.000325042717088351	0.000325042717088351	5	3
EPS8	up	1	0.000328209115957936	0.000328209115957936	5	3
AXIN2	up	1	0.000342709963763706	0.000342709963763706	5	3
MFGE8	up	1	0.00034434678442488	0.00034434678442488	5	3
PTGS1	up	1	0.000356775474880015	0.000356775474880015	5	2
CPM	up	0.8	0.000365001841263748	0.000365001841263748	5	2
IRF7	up	1	0.000365001841263748	0.000365001841263748	5	2
COL11A1	up	0.8	0.000373321452758809	0.000373321452758809	5	2
DIO2	up	0.8	0.000381734292000586	0.000381734292000586	5	2
HSPE1	up	1	0.000383431184637565	0.000383431184637565	5	3
SRGN	up	1	0.000383431184637565	0.000383431184637565	5	3
POLR3K	up	1	0.000398839584273899	0.000398839584273899	4	2
CRIP2	up	1	0.000414126483866634	0.000414126483866634	5	3
NRP2	up	1	0.000414126483866634	0.000414126483866634	5	3
TMEM100	up	1	0.000468141541447947	0.000468141541447947	5	3
NR4A3	up	1	0.000476217310446107	0.000476217310446107	5	3
FRMD5	up	1	0.000484384384139455	0.000484384384139455	5	3
AEBP1	up	1	0.000507318621994082	0.000507318621994082	5	3
SNHG5	up	1	0.000511563860762759	0.000511563860762759	4	3
B3GNT5	up	1	0.000533141458935481	0.000533141458935481	5	3
GAS6	up	1	0.000533141458935481	0.000533141458935481	5	3
GPC3	up	1	0.000533141458935481	0.000533141458935481	5	3
ALCAM	up	1	0.000548597123758025	0.000548597123758025	5	3
METTL7A	up	1	0.000566618842311193	0.000566618842311193	5	3
ASPN	up	0.8	0.000569542176409183	0.000569542176409183	5	2
RPL41	up	0.8	0.000569542176409183	0.000569542176409183	5	2
SMOC1	up	1	0.000585026261700537	0.000585026261700537	5	3
ISG15	up	0.8	0.000590368249642458	0.000590368249642458	5	2
PMP22	up	1	0.000592029274920382	0.000592029274920382	5	3
ADAMTSL4	up	1	0.000615770946811933	0.000615770946811933	5	3
IFITM1	up	1	0.00062787326950577	0.00062787326950577	5	3
RAB13	up	1	0.000662590485820358	0.000662590485820358	5	3
ANGPT1	up	1	0.000665117508599692	0.000665117508599692	5	3
NNMT	up	1	0.000670190570808962	0.000670190570808962	5	3
CST3	up	1	0.000672736625284455	0.000672736625284455	5	3
SERPING1	up	1	0.000688146753022006	0.000688146753022006	5	3
DDIT4	up	1	0.000690737477933134	0.000690737477933134	5	3
ARHGEF28	up	1	0.000703787425757406	0.000703787425757406	5	3
CHRNA1	up	1	0.000711694723222157	0.000711694723222157	5	3
LGMN	up	1	0.000735766889284514	0.000735766889284514	5	3
CYSTM1	up	1	0.000746635318560584	0.000746635318560584	5	3
SPON2	up	1	0.000763135178613527	0.000763135178613527	5	3
MMP1	up	0.8	0.000769609652524701	0.000769609652524701	5	2
MX1	up	0.8	0.000769609652524701	0.000769609652524701	5	2
LRRC32	up	1	0.000774267260131308	0.000774267260131308	5	3
NSMF	up	1	0.000794004467697824	0.000794004467697824	5	3
MT2A	up	0.8	0.000794495467000998	0.000794495467000998	5	2
CKB	up	1	0.000799703819999897	0.000799703819999897	5	3
EPHB6	up	1	0.000870206795097871	0.000870206795097871	5	3
FNDC4	up	1	0.000891513053103215	0.000891513053103215	5	3
SRPX	up	1	0.000894584508242386	0.000894584508242386	5	3
IL1R1	up	1	0.000931986044407247	0.000931986044407247	5	3
RPL28	up	0.8	0.000947239604964428	0.000947239604964428	5	2
OAS1	up	1	0.00101651590348707	0.00101651590348707	5	3
ITGA10	up	0.8	0.00107052261184252	0.00107052261184252	5	2
GABARAPL1	up	1	0.00112369836881663	0.00112369836881663	5	3
PTK2B	up	0.8	0.00115685900315717	0.00115685900315717	5	2
ALPL	up	0.8	0.0011715706799267	0.0011715706799267	5	2
IFI6	up	0.8	0.0011715706799267	0.0011715706799267	5	2
FBLN5	up	1	0.00117811939520591	0.00117811939520591	5	3
EFEMP1	up	0.8	0.00118637439017186	0.00118637439017186	5	2
RPL26	up	1	0.00120036297987278	0.00120036297987278	5	3
PNMAL1	up	1	0.00124185535153943	0.00124185535153943	5	3
IL11	up	0.8	0.00130811520735354	0.00130811520735354	5	2
PRR5L	up	0.8	0.00141946233338984	0.00141946233338984	5	2
HAS2	up	0.8	0.00145210187515167	0.00145210187515167	5	2
ABI3BP	up	0.8	0.00150174906863127	0.00150174906863127	5	2
APOD	up	0.8	0.00153912453428914	0.00153912453428914	5	2
IFIT1	up	0.8	0.00153912453428914	0.00153912453428914	5	2
APOL2	up	0.8	0.00160351812183491	0.00160351812183491	5	2
FRZB	up	0.8	0.00162080021992847	0.00162080021992847	5	2
PLAUR	up	0.8	0.00169084395050749	0.00169084395050749	5	2
SESN3	up	0.8	0.00170858363168027	0.00170858363168027	5	2
GLRX	up	0.8	0.00172641477786059	0.00172641477786059	5	2
SLC20A2	up	1	0.00187937926600016	0.00187937926600016	5	3
MMP10	up	0.8	0.0019475165437758	0.0019475165437758	4	2
GPM6B	up	0.8	0.00196653517052731	0.00196653517052731	5	2
SSPN	up	1	0.0020334636863872	0.0020334636863872	5	3
TRIM47	up	0.8	0.00214180584696463	0.00214180584696463	5	2
PSD4	up	0.8	0.00216173594463525	0.00216173594463525	5	2
FAM107A	up	0.8	0.00230854465404623	0.00230854465404623	5	2
IFI44L	up	0.8	0.00230854465404623	0.00230854465404623	5	2
TGM2	up	0.8	0.00230854465404623	0.00230854465404623	5	1
KLF9	up	0.8	0.00240799431846274	0.00240799431846274	5	2
PPP1R14A	up	0.8	0.00242910676282774	0.00242910676282774	4	2
SDF2L1	up	0.8	0.00264522401309753	0.00264522401309753	5	2
NFIA	up	0.8	0.0027118278060862	0.0027118278060862	5	2
LAMA2	up	0.8	0.00273421030728441	0.00273421030728441	5	2
ATP6V0B	up	0.8	0.00275668339838414	0.00275668339838414	5	2
PHKA1	up	0.8	0.00275668339838414	0.00275668339838414	5	2
CCDC3	up	0.8	0.00289342337445808	0.00289342337445808	5	2
LEF1	up	0.8	0.00291653011567392	0.00291653011567392	5	2
TLDC2	up	0.8	0.00296301494002517	0.00296301494002517	5	2
GLDN	up	0.8	0.00307787002054834	0.00307787002054834	5	1
MAGED4B	up	0.8	0.00307787002054834	0.00307787002054834	4	1
RPL7AP6	up	0.8	0.00307787002054834	0.00307787002054834	4	1
SFRP1	up	0.8	0.00307787002054834	0.00307787002054834	5	2
SPON1	up	0.8	0.00307787002054834	0.00307787002054834	4	1
RFTN2	up	0.8	0.00308080903067011	0.00308080903067011	5	2
ABCA8	up	0.8	0.00322514275077853	0.00322514275077853	5	2
UPP1	up	0.8	0.00332317007420629	0.00332317007420629	5	2
ISM1	up	0.8	0.00354900439056103	0.00354900439056103	5	2
IFIH1	up	0.8	0.00383492382995418	0.00383492382995418	5	2
PPAP2C	up	0.8	0.00384710064254734	0.00384710064254734	4	2
TES	up	0.8	0.00384710064254734	0.00384710064254734	5	1
FAU	up	0.8	0.00399546221891186	0.00399546221891186	5	2
SP110	up	0.8	0.00415923049057668	0.00415923049057668	5	2
CSGALNACT1	up	0.8	0.00418683896055015	0.00418683896055015	5	2
IL1RL2	up	0.8	0.00438260608990119	0.00438260608990119	5	2
GDF15	up	0.8	0.0046162365287945	0.0046162365287945	5	1
OAS3	up	0.8	0.0046162365287945	0.0046162365287945	5	1
RPS28	up	0.8	0.00472840444093642	0.00472840444093642	5	2
TSKU	up	0.8	0.00475780167292254	0.00475780167292254	5	2
ATP1B1	up	0.8	0.00478728816446385	0.00478728816446385	5	2
CTSL	up	0.8	0.0052402851330196	0.0052402851330196	5	2
WNT2	up	0.8	0.00533328903228411	0.00533328903228411	4	2
ADH1B	up	0.8	0.00538527768804059	0.00538527768804059	4	2
OAS2	up	0.8	0.00538527768804059	0.00538527768804059	5	2
RPS3	up	0.8	0.00539573634491032	0.00539573634491032	5	2
CYP26B1	up	0.8	0.00549007404429403	0.00549007404429403	5	2
RPL10	up	0.8	0.00549007404429403	0.00549007404429403	5	2
RPL11	up	0.8	0.00555341013300819	0.00555341013300819	5	2
DIO3	up	0.8	0.00590810549168636	0.00590810549168636	5	2
KCNJ15	up	0.8	0.00597374843209332	0.00597374843209332	5	2
A2M	up	0.8	0.00615422412903585	0.00615422412903585	5	1
CLU	up	0.8	0.00615422412903585	0.00615422412903585	5	1
CTH	up	0.8	0.00615422412903585	0.00615422412903585	5	1
KCNG1	up	0.8	0.00615422412903585	0.00615422412903585	5	2
ST6GAL1	up	0.8	0.00615422412903585	0.00615422412903585	5	2
NT5DC2	up	0.8	0.00617280306419226	0.00617280306419226	5	2
IFIT3	up	0.8	0.00692307586052994	0.00692307586052994	5	1
SYNPO2	up	0.8	0.00692307586052994	0.00692307586052994	5	1
TWIST2	up	0.8	0.00692307586052994	0.00692307586052994	4	1
C1QTNF1	up	0.8	0.00700084379179016	0.00700084379179016	5	2
RPS2P5	up	0.8	0.00736084960235206	0.00736084960235206	4	2
SMOX	up	0.8	0.00758107442703872	0.00758107442703872	5	2
ABCA6	up	0.8	0.00769183289127203	0.00769183289127203	5	1
CBLN2	up	0.8	0.00769183289127203	0.00769183289127203	4	1
HERC6	up	0.8	0.00769183289127203	0.00769183289127203	5	1
INMT	up	0.8	0.00846049523001071	0.00846049523001071	5	1
SYT12	up	0.8	0.00846049523001071	0.00846049523001071	5	2
PTGES	up	0.8	0.00896868861950366	0.00896868861950366	5	2
ARG2	up	0.8	0.00922906288549404	0.00922906288549404	4	1
SLC39A4	up	0.8	0.00922906288549404	0.00922906288549404	5	1
FBL	up	0.8	0.00949759057081864	0.00949759057081864	5	2
COMP	up	0.8	0.00999753586646958	0.00999753586646958	5	2
FTH1P8	up	0.8	0.00999753586646958	0.00999753586646958	4	1
IFIT2	up	0.8	0.00999753586646958	0.00999753586646958	5	1
WNT16	up	0.8	0.00999753586646958	0.00999753586646958	5	2
ARRDC2	up	0.8	0.0101687261750955	0.0101687261750955	5	2
GYPC	up	0.8	0.0102970379319429	0.0102970379319429	5	2
BMP2	up	0.8	0.0105994649867266	0.0105994649867266	5	2
PAMR1	up	0.8	0.0107659141816843	0.0107659141816843	5	1
SHC4	up	0.8	0.0111277761401883	0.0111277761401883	5	2
MX2	up	0.8	0.0115341978398846	0.0115341978398846	5	2
NENF	up	0.8	0.0115341978398846	0.0115341978398846	5	1
KCNK6	up	0.8	0.0119896904102255	0.0119896904102255	5	2
CYTL1	up	0.8	0.0122683325040262	0.0122683325040262	5	2
DLX5	up	0.8	0.0123023868498165	0.0123023868498165	5	1
SLIT3	up	0.8	0.0125973250883172	0.0125973250883172	5	2
NPR3	up	0.8	0.012930523147273	0.012930523147273	5	2
ADPRHL1	up	0.8	0.0130704812202253	0.0130704812202253	5	1
MSX2	up	0.8	0.0130704812202253	0.0130704812202253	5	1
RSAD2	up	0.8	0.0130704812202253	0.0130704812202253	5	1
CHST2	up	0.8	0.013365090926675	0.013365090926675	5	2
FKBP5	up	0.8	0.0138384809598559	0.0138384809598559	4	1
NKD1	up	0.8	0.0138384809598559	0.0138384809598559	4	1
RAMP1	up	0.8	0.0138384809598559	0.0138384809598559	5	2
VAT1L	up	0.8	0.0138384809598559	0.0138384809598559	4	1
ATOX1	up	0.8	0.0146063860774525	0.0146063860774525	5	1
RPL3P4	up	0.8	0.0146085487358489	0.0146085487358489	4	2
TNFAIP8L3	up	0.8	0.0148124470768231	0.0148124470768231	5	2
SLITRK1	up	0.8	0.0149149067786566	0.0149149067786566	4	2
TYMP	up	0.8	0.0149662642043179	0.0149662642043179	4	2
BEGAIN	up	0.8	0.0161419124815184	0.0161419124815184	5	1
LIMCH1	up	0.8	0.0161419124815184	0.0161419124815184	5	1
RPL10A	up	0.8	0.0168716311583136	0.0168716311583136	5	2
CKLF	up	0.8	0.0169095337854736	0.0169095337854736	4	1
IFI44	up	0.8	0.0169095337854736	0.0169095337854736	5	2
NRROS	up	0.8	0.0176770605023666	0.0176770605023666	5	2
OST4	up	0.8	0.0176770605023666	0.0176770605023666	4	1
SORBS1	up	0.8	0.0176770605023666	0.0176770605023666	5	1
VCAM1	up	0.8	0.0176770605023666	0.0176770605023666	5	1
CMKLR1	up	0.8	0.0176978733784229	0.0176978733784229	5	2
IRX3	up	0.8	0.01831582573103	0.01831582573103	5	2
RASIP1	up	0.8	0.0184444926409391	0.0184444926409391	5	1
RPL27	up	0.8	0.0184444926409391	0.0184444926409391	5	1
SNCAIP	up	0.8	0.0187716310262525	0.0187716310262525	5	2
PERP	up	0.8	0.018828984276395	0.018828984276395	5	2
ENTPD1	up	0.8	0.0192118302099321	0.0192118302099321	5	1
QPCTL	up	0.8	0.0192118302099321	0.0192118302099321	5	1
RASD2	up	0.8	0.0192118302099321	0.0192118302099321	4	1
IFI35	up	0.8	0.0198756657719402	0.0198756657719402	5	2
CMPK2	up	0.8	0.0199790732180861	0.0199790732180861	5	1
PFN1P1	up	0.8	0.0199790732180861	0.0199790732180861	4	1
FRMD4B	up	0.8	0.0204091647127987	0.0204091647127987	5	2
ALDOC	up	0.8	0.0207462216741412	0.0207462216741412	5	1
DDX58	up	0.8	0.0207462216741412	0.0207462216741412	5	2
RGS4	up	0.8	0.0207462216741412	0.0207462216741412	5	1
POP5	up	0.8	0.0208287798584928	0.0208287798584928	5	2
MGP	up	0.8	0.0208890581871017	0.0208890581871017	4	2
KLF15	up	0.8	0.0210098646608749	0.0210098646608749	5	2
TIMP1	up	0.8	0.0218648260409598	0.0218648260409598	5	2
PLSCR1	up	0.8	0.0219882926716341	0.0219882926716341	5	2
F10	up	0.8	0.0221120912312681	0.0221120912312681	5	2
DBNDD1	up	0.8	0.0222802349649117	0.0222802349649117	5	1
FAM20A	up	0.8	0.0222802349649117	0.0222802349649117	5	1
MIF	up	0.8	0.0222802349649117	0.0222802349649117	5	1
NANOS1	up	0.8	0.0230470998171044	0.0230470998171044	5	1
RAC2	up	0.8	0.0230470998171044	0.0230470998171044	5	1
CLDN11	up	0.8	0.0238138701521528	0.0238138701521528	5	1
UXT	up	0.8	0.0238138701521528	0.0238138701521528	5	1
CLCF1	up	0.8	0.0243970757420158	0.0243970757420158	5	2
MLKL	up	0.8	0.0249850296239439	0.0249850296239439	5	2
FOXC1	up	0.8	0.0253471273057648	0.0253471273057648	5	1
KRT19	up	0.8	0.0253471273057648	0.0253471273057648	5	1
CD14	up	0.8	0.0261136141418016	0.0261136141418016	5	1
ENPP2	up	0.8	0.0261136141418016	0.0261136141418016	5	1
MT1E	up	0.8	0.0261136141418016	0.0261136141418016	5	2
RCAN1	up	0.8	0.0261136141418016	0.0261136141418016	5	1
ADM	up	0.8	0.0268800064956398	0.0268800064956398	5	1
NID2	up	0.8	0.0268800064956398	0.0268800064956398	5	1
SNED1	up	0.8	0.0268800064956398	0.0268800064956398	5	1
MFSD12	up	0.8	0.0269929038611177	0.0269929038611177	5	2
SLC44A1	up	0.8	0.0269929038611177	0.0269929038611177	5	2
PARP9	up	0.8	0.0276463043760148	0.0276463043760148	5	1
PDK3	up	0.8	0.0278166726972704	0.0278166726972704	5	2
GADD45A	up	0.8	0.0284125077916611	0.0284125077916611	5	1
HELZ2	up	0.8	0.0284125077916611	0.0284125077916611	5	1
MYEOV2	up	0.8	0.0284125077916611	0.0284125077916611	4	1
SCARA3	up	0.8	0.0284125077916611	0.0284125077916611	5	1
LYPD1	up	0.8	0.0286521817150167	0.0286521817150167	5	2
RPL37A	up	0.8	0.0290743300161541	0.0290743300161541	5	2
RPL36	up	0.8	0.0291786167513127	0.0291786167513127	5	2
C6orf48	up	0.8	0.0294994028357447	0.0294994028357447	5	2
ADAMTS1	up	0.8	0.0299446312637032	0.0299446312637032	5	1
OASL	up	0.8	0.0302143469467765	0.0302143469467765	5	2
BST2	up	0.8	0.0307105513375655	0.0307105513375655	4	1
MME	up	0.8	0.0307105513375655	0.0307105513375655	5	1
PLAG1	up	0.8	0.030792133367774	0.030792133367774	5	2
LINC00622	up	0.8	0.0314763769816322	0.0314763769816322	4	1
MAOA	up	0.8	0.0314763769816322	0.0314763769816322	5	1
RPL38	up	0.8	0.0314763769816322	0.0314763769816322	5	2
S100A16	up	0.8	0.0323334194453037	0.0323334194453037	5	2
ARID5A	up	0.8	0.0330077450153057	0.0330077450153057	5	1
IL32	up	0.8	0.0330077450153057	0.0330077450153057	5	1
TRHDE	up	0.8	0.0330077450153057	0.0330077450153057	4	1
WISP1	up	0.8	0.0330077450153057	0.0330077450153057	5	1
RORB	up	0.8	0.0337732874223746	0.0337732874223746	5	2
SIX2	up	0.8	0.0337732874223746	0.0337732874223746	5	2
RPS20	up	0.8	0.0352125600834835	0.0352125600834835	5	2
AFAP1	up	0.8	0.0353040890606285	0.0353040890606285	5	1
MFSD2B	up	0.8	0.0353040890606285	0.0353040890606285	5	1
SGCG	up	0.8	0.0353040890606285	0.0353040890606285	5	1
EBF1	up	0.8	0.0360693483092723	0.0360693483092723	5	1
FTH1P2	up	0.8	0.0368345131892326	0.0368345131892326	4	1
WNT11	up	0.8	0.0368345131892326	0.0368345131892326	5	1
GPX3	up	0.8	0.0369322183643396	0.0369322183643396	5	2
ICAM1	up	0.8	0.0375995837092374	0.0375995837092374	5	1
NSG1	up	0.8	0.0375995837092374	0.0375995837092374	5	1
LDLRAD3	up	0.8	0.0383645598780144	0.0383645598780144	5	1
SLC3A2	up	0.8	0.0383645598780144	0.0383645598780144	5	1
C19orf10	up	0.8	0.0391765306458992	0.0391765306458992	4	2
ANXA3	up	0.8	0.0398942291967924	0.0398942291967924	4	1
CRABP2	up	0.8	0.040658922364246	0.040658922364246	5	1
QRICH2	up	0.8	0.040658922364246	0.040658922364246	5	1
ZNF185	up	0.8	0.040658922364246	0.040658922364246	5	1
RCAN2	up	0.8	0.0410664759172415	0.0410664759172415	5	2
C10orf10	up	0.8	0.0414235212153768	0.0414235212153768	5	1
IL1RN	up	0.8	0.0414235212153768	0.0414235212153768	4	1
DHRS2	up	0.8	0.0421880257589097	0.0421880257589097	5	1
CHST15	up	0.8	0.042405793890468	0.042405793890468	5	2
NUDT4P1	up	0.8	0.0429524360035691	0.0429524360035691	4	1
ALX4	up	0.8	0.0437167519580788	0.0437167519580788	5	1
ATP5J2	up	0.8	0.0437167519580788	0.0437167519580788	5	1
ROBO2	up	0.8	0.0437167519580788	0.0437167519580788	4	1
ABCB1	up	0.8	0.044480973631162	0.044480973631162	5	1
KLHL41	up	0.8	0.044480973631162	0.044480973631162	5	1
MAGOH	up	0.8	0.044480973631162	0.044480973631162	5	1
DFNB31	up	0.8	0.0452451010315417	0.0452451010315417	4	1
DUSP23	up	0.8	0.0452451010315417	0.0452451010315417	5	1
NTRK2	up	0.8	0.0452451010315417	0.0452451010315417	5	1
PTGER4	up	0.8	0.0452451010315417	0.0452451010315417	5	1
TCEAL7	up	0.8	0.0452451010315417	0.0452451010315417	5	1
ECE2	up	0.8	0.0460091341679399	0.0460091341679399	4	1
PVRL3	up	0.8	0.0460091341679399	0.0460091341679399	4	1
FENDRR	up	0.8	0.0467730730490784	0.0467730730490784	4	1
MRPS2	up	0.8	0.0467730730490784	0.0467730730490784	5	1
C8orf34	up	0.8	0.0475369176836783	0.0475369176836783	5	1
CEBPB	up	0.8	0.0475369176836783	0.0475369176836783	5	1
PRDX5	up	0.8	0.0475369176836783	0.0475369176836783	5	1
HS3ST3B1	up	0.8	0.0490643242481443	0.0490643242481443	5	1
KIAA0040	up	0.8	0.0490643242481443	0.0490643242481443	5	1
OLFML1	up	0.8	0.04982788619545	0.04982788619545	5	1
PARP12	up	0.8	0.04982788619545	0.04982788619545	5	1
